name,Permeability coefficient,Canonical SMILES,glide rotatable bonds,docking score,glide ligand efficiency,glide ligand efficiency sa,glide ligand efficiency ln,glide gscore,glide lipo,glide hbond,glide rewards,glide evdw,glide ecoul,glide erotb,glide esite,glide emodel,glide energy,glide einternal,res:A132 vdw,res:A132 coul,res:A132 hbond,res:A132 dist,res:A132 Eint,res:A117 vdw,res:A117 coul,res:A117 hbond,res:A117 dist,res:A117 Eint,res:A113 vdw,res:A113 coul,res:A113 hbond,res:A113 dist,res:A113 Eint,res:A82 vdw,res:A82 coul,res:A82 hbond,res:A82 dist,res:A82 Eint,res:A42 vdw,res:A42 coul,res:A42 hbond,res:A42 dist,res:A42 Eint,res:A16 vdw,res:A16 coul,res:A16 hbond,res:A16 dist,res:A16 Eint,A:113(ASP) HDonor nn,A:113(ASP) HDonor nc,A:113(ASP) HDonor cc,A:113(ASP) Salt,A:118(PHE) HDonor nc,A:119(GLY) HDonor nc,A:121(ASP) HDonor cn,A:132(ARG) HAccep cn,A:132(ARG) HAccep nn,A:132(ARG) Salt,A:16(LYS) HAccep cn,A:310(TYR) HPhob,A:38(MET) HPhob,A:40(TYR) HPhob,A:42(ARG) HAccep cc,A:42(ARG) HAccep cn,A:42(ARG) HAccep nn,A:42(ARG) HAccep nc,A:42(ARG) Salt,A:80(LYS) HAccep cn,A:82(ARG) HAccep cc,A:82(ARG) HAccep cn,A:82(ARG) HAccep nn,A:82(ARG) HAccep nc,A:82(ARG) Salt,Charge_+ - -,Charge_-,Charge_- - ,Charge_Â±
Cefacetrile,100,CC(OCC1=C(C([O-])=O)N2C(SC1)C(NC(CC#N)=O)C2=O)=O,-0.38069550891235066,-1.1121906266538153,-1.6710785629266491,-1.697667976436698,-1.4732822518245874,-1.1121906266538153,0.9982259125921182,-0.8990247625248714,-1.1637718594100486,0.48548157313110574,-0.3793822816997771,0.4197091892528188,-0.07075785368682892,-0.08284445457526499,0.20219059086865332,-0.6769984430630036,-0.17778440599682302,-0.12089991765325721,-0.2784265635220348,-0.5414442873699429,-0.12828464512255525,-0.9603860492561663,0.291923124443154,-0.2811237505211803,-0.6722334531213188,0.24291132235277016,-0.8013457499713857,0.4744836352824693,1.00785729807058,-0.17850248369602467,0.4495422722054094,1.2440996567470717,-0.2625824891807948,-0.2201941887616244,-0.21033126776280736,-0.1900428105985248,1.2778119172122457,-0.40135375510765803,-1.172199570763512,-0.6764374971672127,-0.3600929080406516,0.6313968122492649,-0.6092249396580612,-1.4812863704956982,-1.2205239630844134,-0.5824453457760229,0,0,0,0,0,0,0,0,1,0,1,0,0,0,0,0,0,0,0,0,0,1,1,0,0,0,1,0,0
7-alfa-H-cefmetazole,82,CN1C(SCC2=C(C([O-])=O)N3C(SC2)C(NC(CSCC#N)=O)(OC)C3=O)=NN=N1,0.699656610974052,0.654649050573655,0.6289158803744568,0.6777708450989404,0.7154490346655913,0.654649050573655,0.6562694650062093,0.5943506074889562,0.48027476810600905,-0.2807992903135904,0.448451695401761,0.31474781357088516,-1.3246186502737844,0.5414019963379411,-0.0003210834652265677,1.2241600051727508,0.22139719470587713,-0.10417099116481823,-0.43499338124047665,-0.14004344070559077,-0.09982693837025212,1.3859847101362073,0.17579349434795805,-0.4310047713117573,0.43289220187646943,0.24469118866418121,-0.13763306910292608,0.3771311575656536,0.6666153165835591,0.6263240354005312,0.3791590373296477,-1.0620217258556919,-0.13097049583692497,0.32267590378974975,-0.037526276313435476,-0.18831973661041193,0.06318544857304238,-0.299591337943341,-0.01869281847329238,-0.19922736950567607,-0.29863527271794327,-0.5581110874408086,-0.1101836423963724,0.41887491234663293,-0.30715049444683784,-0.13103799514288164,0,0,0,0,0,0,0,1,1,0,0,0,0,0,0,0,0,0,0,0,0,0,0,0,0,0,1,0,0
Cefazolin,77,CC1=NN=C(SCC2=C(C([O-])=O)N3C(SC2)C(NC(CN4C=NN=N4)=O)C3=O)S1,-0.020578135616883785,-0.8029703498883789,-0.2886060279425491,-0.46306352530053047,-0.7230316222876838,-0.8029703498883789,-0.7936722394685933,-0.0379203902252925,0.27602269304502697,-1.2333511863997861,0.027706448923765642,0.061886317609866424,-1.5270300167522235,-0.8840497718248369,-0.9935167662529407,-0.4176123932959024,-1.6756523312769593,0.09872493652320669,-0.38027718726142234,-0.8050804252932653,0.04872258500507287,0.20419451127836213,0.545925982571735,0.7461461460859246,0.29797867985941434,0.5577117464451816,-0.24551509247774228,0.2157196390363109,0.5818884311846576,-0.11269217932581141,0.21001588858535486,-0.5827737967603045,0.21851049495568478,1.0110169723112417,0.6080771953985241,0.1874413502819437,1.8323635856193832,-0.5876064048306541,-2.3642306237757693,-1.002729323821746,-0.532436213760885,-1.3536047235084825,-0.9650876983825051,-0.9433349451203807,-1.0849905213285553,-1.0161261098010426,0,0,0,0,0,0,0,0,1,0,0,1,0,0,0,0,0,0,0,0,0,1,1,0,0,0,1,0,0
Cefmetazole,65,CN1C(SCC2=C(C([O-])=O)N3C(SC2)C(NC(CSCC#N)=O)(OC)C3=O)=NN=N1,0.699656610974052,0.654649050573655,0.6289158803744568,0.6777708450989404,0.7154490346655913,0.654649050573655,0.6562694650062093,0.5943506074889562,0.48027476810600905,-0.2807992903135904,0.448451695401761,0.31474781357088516,-1.3246186502737844,0.5414019963379411,-0.0003210834652265677,1.2241600051727508,0.22139719470587713,-0.10417099116481823,-0.43499338124047665,-0.14004344070559077,-0.09982693837025212,1.3859847101362073,0.17579349434795805,-0.4310047713117573,0.43289220187646943,0.24469118866418121,-0.13763306910292608,0.3771311575656536,0.6666153165835591,0.6263240354005312,0.3791590373296477,-1.0620217258556919,-0.13097049583692497,0.32267590378974975,-0.037526276313435476,-0.18831973661041193,0.06318544857304238,-0.299591337943341,-0.01869281847329238,-0.19922736950567607,-0.29863527271794327,-0.5581110874408086,-0.1101836423963724,0.41887491234663293,-0.30715049444683784,-0.13103799514288164,0,0,0,0,0,0,0,1,1,0,0,0,0,0,0,0,0,0,0,0,0,0,0,0,0,0,1,0,0
Cefoxitin,46,COC1(NC(CC2=CC=CS2)=O)C3N(C(C([O-])=O)=C(COC(N)=O)CS3)C1=O,0.3395392376785844,-0.6616484505271795,-0.36855033388469816,-0.4990409444261969,-0.650898060645198,-0.6616484505271795,-3.1631622802001162,-0.784754790015025,0.12065593052716957,-0.6174935641552848,0.12102353881283841,-0.12895254726637453,0.09959437206106021,-0.35977560652357204,-0.44259157791606474,-0.05389344711963817,-0.5741864325785736,-0.2911164455022185,-0.691807308130168,-0.3758894149976201,-0.3129198440839309,-0.9335978340027464,0.36948236306807924,-0.13104944437541602,-0.014715043571066393,0.3219914409189872,-0.7731492595168743,0.6149249733061296,0.7107216430034795,-0.10905894960244628,0.5924792124773711,1.3983864242707271,-0.47446514158047876,-1.270555511039697,-1.1987423594891864,-0.3955423531031102,1.6289357859094453,-0.4541986345895261,-0.806872047046218,-0.7004983984147469,-0.3981440664088214,-0.5638839201078774,-0.2662715398205262,0.5517491061693583,-0.5016401757550552,-0.285692382576471,0,0,0,0,0,0,0,1,1,0,0,1,0,0,0,1,1,0,0,0,0,0,0,1,1,0,1,0,0
Ceftizoxime,35,CON=C(C(NC1C2N(C(C([O-])=O)=CCS2)C1=O)=O)C3=CSC(N)=N3,-0.7408128822078179,0.3382779338063707,-0.2846120859463833,-0.17655461287084565,0.1272805614259751,0.3382779338063707,0.8853942279463735,-0.12516691182217346,-0.537014553873367,-0.12279455785019902,0.8259002870324106,0.4340221041185384,-0.27457523479984824,0.5314810174802124,0.3228147508218374,-0.8036282967841454,0.1618198276858187,-0.04653044639673656,0.08718632516266782,-0.37801777847622015,-0.04145648972374286,-0.8249274449536085,0.43127381771478207,-0.5653551670849437,-0.22223929935404024,0.38868119102026544,-0.2981162651123302,0.5256095144747632,-0.0924859804762552,-0.2848360810689159,0.5202824023731702,-0.27321262701874083,0.08949039260589318,1.459540263412869,0.95353669404684,0.07893457383409763,1.4187002305410474,-0.2921971275099772,-1.141256522606845,-0.7231393274631467,-0.24466281908230417,1.7576637584784403,-0.5214571000468791,-1.5169558052716525,-1.043903026786296,-0.4478070203280807,0,0,0,0,0,0,0,0,1,0,0,0,0,0,0,1,0,0,0,0,0,0,0,0,0,0,1,0,0
Cefotaxime,22,CC(OCC1=C(C([O-])=O)N2C(SC1)C(NC(C(C3=CSC(N)=N3)=NOC)=O)C2=O)=O,0.33953923767858374,0.22749064501060048,0.4056823139597298,0.3821842947505924,0.3122560333177922,0.22749064501060048,0.4063059227854347,-0.5107904878488045,0.45795385606772854,-0.7894165246954622,0.33313652895376955,0.5151286216909376,-0.6741566512086643,-0.18354150219147206,-0.47388203927980593,-0.5163447408785509,0.6126859403237229,-0.227015963587426,-0.8313162232722909,-0.5347605939985026,-0.2134341509341271,-1.32162098916649,0.4752458333029911,0.7280584391118168,-0.057307680088833135,0.4099318196074613,-0.9703081902277033,0.47607492506233273,-0.505048309073696,-0.41105918721879736,0.43815648276583025,0.5700163975001701,-0.1450097307599362,0.42833439307560905,-0.5324999662054293,-0.10953183704116232,0.700758845541633,-0.18601835468627198,-0.6126901664583846,-0.8268562677724902,-0.16317181959036633,-0.2333202749923934,-0.3752402840848155,-0.5624244977874147,-0.6672323352267295,-0.3830004827097536,0,0,0,0,0,0,0,1,1,0,1,0,0,0,0,1,0,0,0,0,0,0,0,0,0,0,1,0,0
LY097964,22,CON=C(C(NC1C2N(C(C([O-])=O)=C(C)CS2)C1=O)=O)C3=CSC(N)=N3,-0.7408128822078208,0.652148217373934,0.07920992299463843,0.20728889080972907,0.49927075222065315,0.652148217373934,0.8823557210002683,0.04730643226698277,-0.20920823609948255,-0.36523618663859486,1.053542855727012,0.23364129599848596,-0.4054351112716181,0.5960581959701954,0.24089709872929996,-0.6841742309457332,-0.6581864515155335,-0.06908105425677416,-0.06654304896825466,-0.45465639302016814,-0.08903509014640187,-0.9187508959546911,0.4653853238907682,-0.15982110637981814,-0.16063011987856818,0.41883090411965235,-0.8786808528272696,0.5227779107796674,-0.11794076840575032,-0.2879237589866172,0.49113432654386413,-0.4289015535709036,0.09964990973175743,1.4325030841893247,1.0349616037062381,0.0799861408704268,0.9806751013561278,-0.21413264694097137,-0.5709132535203633,-0.18810273555418774,-0.18016064787422129,1.2443612317098922,-0.22902486015583293,-0.7794349223968638,-0.09922301253251575,-0.17712318280320025,0,0,0,0,0,0,0,0,1,0,0,0,0,0,0,0,0,0,0,0,0,1,0,0,0,0,1,0,0
Cefoperazone,16,CCN1CCN(C(NC(C(NC2C3N(C(C([O-])=O)=C(CSC4=NN=NN4C)CS3)C2=O)=O)C5=CC=C(O)C=C5)=O)C(C1=O)=O,1.780008730860457,-1.6721097133974365,0.9289587941891392,0.4848228521893921,-0.7969393222444067,-1.6721097133974365,0.18762348527209152,0.21585508311534332,0.862821677760801,-2.614492074584266,-0.4112864051826919,-1.0020403540751759,-2.197196922979442,-2.1671706368777737,-2.34633967245049,2.3702739341023324,-0.5139856191122778,-0.38110935828772596,-0.1171328298509996,-0.46729446675445035,-0.4002725084297339,-1.6859359419584046,-0.1189347834006382,0.27985933153791925,-0.7590722431628232,-0.20392987065079715,-0.4087185466048893,0.44999426284102284,0.7107024536377438,0.14224232059193453,0.4414048577836108,0.3620202677772744,-0.5848841300130319,-1.56242580120277,-1.2425487982936465,-0.564603545761983,-1.1544126308284042,-0.013824082902650001,1.7229713690726745,0.5642186359876454,-0.04961505581626257,-1.0885326995430942,0.09878060638095287,1.4088782717444972,-0.5183791904690817,0.056835469826021195,0,0,0,0,0,0,1,1,1,0,0,0,0,1,0,0,0,0,0,0,0,0,1,0,0,0,1,0,0
Cefamandole,14,CN1C(SCC2=C(C([O-])=O)N3C(SC2)C(NC(C(O)C4=CC=CC=C4)=O)C3=O)=NN=N1,0.3395392376785844,-0.20362888304042961,0.3095029250889642,0.19703508086270963,-0.042939060161409776,-0.20362888304042961,0.828456766057768,0.34362650485204205,0.36726753522983907,-1.1989425533310678,-0.031036319221447374,-0.028762143206348033,-0.4254190863723684,-0.6183734835333354,-0.9951182296795278,0.1380056094562789,-0.700513168538099,-0.07873322152290174,-1.4258540836313174,-0.6800940093164477,-0.10521178158497023,-0.3883659158146094,0.3879910174856096,0.7461461460859246,-0.4156266710043942,0.3697022338281636,-1.043243243650337,0.5003000188033915,0.8620792506613163,0.1160347091629789,0.4643866009016701,-0.23206797083862582,0.022455574254498938,0.8971753689077449,0.5515341401209679,0.012706712788863816,0.9331822995374949,-0.26337837730831154,-1.3897587462316756,-0.0026698518522029016,-0.2358286579948523,-0.6254503643441017,-0.5054497079470384,-0.6392251256073527,-0.7544888854293353,-0.5292642575109033,0,0,0,0,0,0,0,1,1,0,0,0,0,0,0,0,0,0,0,0,0,1,0,0,0,0,1,0,0
Cefuroxime,7,CON=C(C(NC1C2N(C(C([O-])=O)=C(COC(N)=O)CS2)C1=O)=O)C3=CC=CO3,0.33953923767858374,-0.13392028025342015,0.07661196332284213,0.010769763305754633,-0.08528440060564192,-0.13392028025342015,-2.2238187499908233,-0.32946956762940144,0.3368810948078765,-0.8781198463628722,0.32023159096382153,0.4292511324966314,-0.36792345858900105,-0.20966006659743,-0.5533925723124739,0.3918895557821314,-0.43901082597679286,-0.13304054781181873,-0.3434897934212173,-0.42675075493366355,-0.1484868280714659,-0.9620025349082337,0.26178924670800213,-0.004522394989693997,-0.6709671955377859,0.21330738218531728,-0.5105864174221626,0.5123609308344345,0.3196184414386786,-0.5039747763520765,0.4987089823051959,0.566332709696413,-0.3424871765889926,-0.8891120217892248,-0.5939410731891585,-0.31055064838698004,1.4407993542867834,-0.46214322552684584,-1.0405917404102003,-0.807308568048643,-0.41446147782472004,-0.5176372725974941,-0.514198391811777,-0.7708505429637922,-1.0592467690431033,-0.5338325665283559,0,0,0,0,0,0,0,1,1,0,1,0,0,0,1,0,0,0,1,0,0,1,1,0,0,0,1,0,0
Piperacillin,5,CCN1CCN(C(NC(C(NC2C3N(C(C([O-])=O)C(C)(C)S3)C2=O)=O)C4=CC=CC=C4)=O)C(C1=O)=O,0.339539237678585,0.09282578883726231,0.982294582092436,0.8714426631262675,0.4595426705393516,0.09282578883726231,-0.41846479471807296,0.5562807118113591,0.8622051669222556,-0.9107311522605209,-0.02323005312804581,-0.5297141635064785,-0.4852981774797585,-0.5204336830460381,-0.7560466054711025,1.5350503193679048,-1.3535557886362974,0.23682148256317834,1.3017382008135316,0.5499109938120958,0.20349962089327178,0.7446897554035053,-0.0867495073180861,0.7461461460859246,-0.0933687932548382,-0.047886839042855005,-1.2423655784168322,0.08267110003410945,1.00785729807058,0.20889831727238992,0.031586514511649094,-1.6489829470026558,-0.3985185083247224,-0.7256792420780818,-0.3223659062455314,-0.4903794694039964,-2.1547601747714147,-0.7651079891312472,-1.0740376871286763,-0.8067812130170955,-0.8584424328798035,-2.3401489877876953,-0.4872465210714099,0.07568972916166743,-1.1313291895929887,-0.5802583307418161,0,0,0,0,0,0,0,0,0,0,0,0,0,0,0,0,0,0,0,0,0,1,1,0,0,0,1,0,0
Imipenem,216,CC(O)C1C2CC(SCCN=C[NH3+])=C(C([O-])=O)N2C1=O,-0.3806955089123504,-1.2054072954205786,-2.6286066059866577,-2.471722818373528,-1.870021556458348,-1.2054072954205786,-0.4911826130778536,0.8470234997831234,-1.8980853191939386,1.7347812728055625,-1.8058410608509867,2.156342859626609,1.258888755655238,-0.01906506415573744,0.49288669998113904,0.1288777881962266,1.9325919400026712,1.1146218706609203,1.1611112026294848,0.37426542731247203,1.1855543410058667,0.13343189355046686,-1.7131147112637037,-1.5628916934932013,-0.6500522168161288,-1.7094383424063808,1.913279112858773,-1.7367417583423885,-1.637366656412252,-1.0177918135168322,-1.6841640660107071,2.269105777206719,1.2294777728563353,0.751082009864037,-0.43592695735853093,1.347884425852322,-1.3546064181303643,1.6886365189338126,1.57184453382441,0.8432944897956401,1.6543522724801043,0.5841285596361623,2.0240159579085284,1.3823515328981146,2.0559235444239605,2.0350817440141373,0,1,0,0,1,0,0,0,0,1,0,0,0,1,0,0,0,0,0,0,0,0,0,0,0,0,0,0,1
Cephaloridine,167,C1C(=C(N2C(S1)C(C2=O)NC(=O)CC3=CC=CS3)C(=O)[O-])C[N+]4=CC=CC=C4,-0.38069550891235066,0.516221505967024,0.2970660415774825,0.35804187561090134,0.48168538606503664,0.516221505967024,-0.38347961707632167,1.2989810237862462,-0.20282323869218633,-0.16958339813216033,0.24485938306293512,-0.004907285096816853,1.0055794373111022,0.21241874662742763,-0.013335029644779157,-1.1700077006826954,-1.60057370570175,1.5646753890732386,1.420683857375567,0.36284562260539865,1.53620114659729,-0.15898570365244802,-1.3059464597797126,0.7461461460859246,-0.35881478015219126,-1.3130170752153008,0.4040092669653595,-0.9450385868050175,1.00785729807058,-0.2276375552457286,-0.9382520231672915,0.7849033022805466,1.293312179217324,-1.830466829000197,-1.1928249745204023,1.3173443234484725,-0.15474437168013186,1.5444792194737902,0.10755584329015734,-0.28755311644538495,1.5482762177458216,0.03147739159192547,1.620342956495719,0.7233917631285367,0.02402450936498814,1.6097127241840326,0,0,0,0,0,0,0,0,0,0,0,0,0,0,0,0,0,0,0,0,0,0,0,0,0,0,0,0,1
Cephalexin,129,CC1=C(C([O-])=O)N2C(SC1)C(NC(C([NH3+])C3=CC=CC=C3)=O)C2=O,-1.100930255503286,-1.7312816577535473,-1.8375460987215029,-1.998580835432178,-2.0017706514811104,-1.7312816577535473,0.6816378141854621,0.5673410146590004,-1.4095986712369841,0.9881826706699035,-1.3646155441797825,-0.4772334756655146,0.5934717552872791,-0.495235529081005,0.10891795504532646,-0.42967198310079424,-0.7187496553463596,1.514202382460374,1.4920749019797102,0.9884212772508209,1.5114503680045643,0.37774287007547475,-1.5602715555609783,-3.1163804931070715,-0.29887593081916003,-1.5474411459653181,0.8289693786203528,-1.793182371018525,-0.9519806093489265,-0.5796533588952087,-1.7881788771883813,-0.08751531407495561,1.4688968324451617,0.9824956711343157,0.8781076289890478,1.4526445232130658,-0.23813612765394218,1.5310367920822037,0.7138034467225687,0.2070337649424467,1.5348203456804141,1.0887627291760895,1.6278769572474672,0.7265982906021811,2.1054929946629666,1.6616200892960469,0,1,0,0,0,1,0,0,0,0,0,0,0,0,0,1,0,0,0,0,0,0,0,0,0,0,0,0,1
Cefaclor,123,O=C1C(NC(C([NH3+])C2=CC=CC=C2)=O)C3N1C(C([O-])=O)=C(Cl)CS3,-1.1009302555032858,-0.9725625010075242,-1.3361118658569575,-1.3855735721509006,-1.246872463036131,-0.9725625010075242,0.5373886558769431,1.0192569355903023,-0.9144959922821434,0.776612532114288,-0.9453172552617338,-0.6966981702731896,0.7195313418647055,-0.1485555273201857,0.15044961109087407,-0.476359922494452,-0.7703331542669751,1.573670922376361,0.9903591896396413,0.20954025811587917,1.568186864994306,0.17575424594936706,-1.5662021824553134,-0.29296824527302107,-0.09939525935823985,-1.5583731446063784,0.8943729231975608,-1.8064022953411751,-1.2388003073220986,-0.7896657123706226,-1.799450004030092,-0.7443857417573791,1.6794293985535156,1.1194913334827272,2.7921301541769914,1.6246576695449029,-1.2891120218629417,1.6929164356072541,1.6842446547239713,3.0050738752374335,1.6616679486106447,0.9273172915065648,1.6126144117888175,0.37832282411128776,1.2103319701251825,1.6386053887420762,0,1,0,0,0,0,0,1,0,0,0,0,0,1,0,0,0,0,0,0,0,0,1,0,0,0,0,0,1
Cephaloglycin,87,CC(OCC1=C(C([O-])=O)N2C(SC1)C(NC(C([NH3+])C3=CC=CC=C3)=O)C2=O)=O,-0.020578135616883785,-2.1088948480738092,-1.1892968842425031,-1.551604118684577,-2.0402334655538805,-2.1088948480738092,0.43760548781814135,-1.3018672215808738,-0.2781772552872549,0.46661260166030255,-2.0951173101175167,0.11913797707273925,-0.04185613837763879,-1.376966664462023,-0.6909716198926383,-0.21840435055731042,-0.5626271566121878,1.602176708050815,0.3874891100176773,0.056311620523319866,1.6008982983875903,-1.336991748653021,-1.2656615791375143,0.7461461460859246,-0.7441127648433737,-1.3322808889015743,0.6456320313014973,-1.746929436335766,-2.4044843183836453,-0.7052495392208785,-1.7544121278013718,0.794165786490145,1.4402541064028875,0.14488966377572857,-0.8438300025550396,1.4711325647144784,1.0195166756113476,1.027109527360522,-0.4345011525611386,-0.4528591775184142,1.070581320074626,1.3797794630863507,0.424629757824751,-2.763909267027032,-0.5455317983346964,0.4699944032852223,1,1,0,0,0,1,0,0,1,0,1,1,0,0,0,0,0,0,0,0,0,1,0,0,0,0,0,0,1
BL-S217,84,O=C1C(NC(CSC2=CC=[N+](C=C2)C)=O)C3N1C(C([O-])=O)=C(COC(C)=O)CS3,0.33953923767858374,1.8857987666665978,1.1790343079928252,1.4466649697661718,1.8405028109273698,1.8857987666665978,-2.060085244427856,0.6529236996222478,2.2086516162279537,-0.23736383887622378,-0.36522174269768304,0.7441352595424295,0.8113661832186901,0.6628214746851857,-0.38093819718159094,0.2673454108191431,-0.26861633850107963,1.0050195786768947,0.45533409706782985,0.32121171207288146,1.0072981300750847,-0.34503570193657207,-0.9813662892752946,0.7461461460859246,-0.44319979132227355,-0.9976195808499244,-0.9511557110363202,-0.5033515396255223,0.8632187670303786,-0.20582579838220727,-0.5513744771826479,1.0009821642939243,0.8246318232169201,-1.2986523780023742,-0.6369814830780959,0.867761376219055,-0.11265347772699943,0.8324282575168167,-0.23642300052089502,-0.3211225438405509,0.8317863538257477,1.018945475483999,0.8731797613494351,-0.8517965345310086,-0.7854260222533114,0.9051865341622255,0,0,0,0,0,0,0,0,0,0,1,1,0,0,0,1,1,0,0,0,0,0,0,1,1,0,0,0,1
Ampicillin,46,CC1(C)C(C([O-])=O)N2C(C(NC(C([NH3+])C3=CC=CC=C3)=O)C2=O)S1,-1.1009302555032858,-1.1077298502383555,-1.4230426187572531,-1.4951733737908213,-1.37986837212541,-1.1077298502383555,0.38929296276985953,0.46450098772216025,-1.0544935179613544,1.1094941925224076,-0.9028570570356858,-0.5010883337750437,0.31056732040363055,0.04337164895943989,0.4442307450993318,-0.8694987989350599,-1.2640143238765913,1.603102564384301,0.5442144781129669,0.11573960864329709,1.5818914257478995,0.022413067260366227,-1.4942000494494885,-0.2021086641631619,-0.33828700528109895,-1.4940828049437138,0.6126735618407209,-1.6818913216073375,-1.7916392029220423,-0.8232821241634587,-1.6878392480826734,-0.03254690542757984,1.863099201482284,0.5067950639041467,-0.2728049139206675,1.8445190099625957,-0.13505269556125754,1.6986712122397896,1.261689050915586,0.7531751995170083,1.7098655182452134,0.9284114222879803,0.9643685714007795,-0.589829438533945,-0.05934872673446905,0.9928945898406675,0,1,0,0,0,0,0,0,0,0,0,0,0,0,0,0,0,0,0,0,0,0,1,0,0,0,0,0,1
Cyclacillin,40,CC1(C)C(C([O-])=O)N2C(C(NC(C3([NH3+])CCCCC3)=O)C2=O)S1,-1.461047628798754,-0.6132470398568363,-1.3295443870374182,-1.2830128247199342,-0.9715952905413099,-0.6132470398568363,1.0542072095221295,1.54794158016541,-1.1625615870145243,0.724131254024258,-0.49857154076010285,-0.40566890133692235,0.4167857185833668,0.026018934433157007,0.33648854425138314,-1.400773061001424,-0.5227959492082939,1.682289660384372,1.2751832249799286,0.11364256123761615,1.686199518806047,-0.41158314913792254,-1.5724422327846916,0.7461461460859246,-0.5340565034206203,-1.5923824979483887,-0.47414237881387683,-1.6436877552971554,-1.2772630725194156,-0.6240412747723492,-1.6961238297747732,-0.21246813629513167,2.065592480801232,0.9331992027328053,0.6978553057834457,2.0360728844793705,0.29991635680766393,2.009343844933699,1.666089306576575,1.3582301461505746,2.0413205495700772,1.1262604830724714,1.301709526656751,0.11865974852229354,-0.2662788420980152,1.3381087599925081,0,1,0,0,0,0,0,0,1,0,0,0,0,0,0,0,0,0,0,0,0,1,1,0,0,0,0,0,1
Moxalactam,34,CN1C(SCC2=C(N3C(C(OC)(C3=O)NC(C(C4=CC=C(C=C4)O)C([O-])=O)=O)OC2)C([O-])=O)=NN=N1,1.0597739842695182,-0.41188155629850404,0.7548410255243523,0.5599567245526027,0.0019275027317745851,-0.41188155629850404,0.2467860994325803,-0.7192424148918578,0.8757048965020976,-1.1557049267452801,0.07413731578123366,-0.18143323510733975,-1.8004396956666977,-0.94180259764433,-0.9052429118209364,0.5131286612905926,1.6032849877216564,-1.9305245562593458,-1.879079007495301,-0.8224267400452819,-1.9068457820607159,-0.8934987159199651,1.7528388567196198,-1.7338563089846126,-0.7900307488373768,1.705515943816556,-1.199711311946276,1.4046177572615026,0.7107024536377438,-0.19172648982922927,1.3756706493869006,-0.8691360353047795,-1.5365160964818463,0.2273707288990492,-0.40494282461397546,-1.5692013066407489,-0.574482747412609,-1.6825479659494957,-0.335823158348789,-0.419641450027995,-1.716591044590709,1.6282103207512086,-2.203704992692911,-0.9324715930773219,-0.8536725823015784,-2.118858203088835,0,0,0,0,0,0,0,1,1,0,0,0,0,0,0,0,0,1,0,0,0,0,1,0,0,0,0,1,0
Aztreonam,22,CC1C(NC(C(C2=CSC(N)=N2)=NOC(C)(C([O-])=O)C)=O)C(N1S(=O)([O-])=O)=O,-0.020578135616883785,0.3968866387053554,0.2306941484671833,0.2706970014147392,0.366897992410134,0.3968866387053554,0.9873998904014081,-1.162250779118689,0.2555294177015449,1.0216838173260865,0.16014605876610624,0.3004348987051666,-1.3204197375290747,0.5492687841366342,0.9167097320455838,0.14127147583094826,-1.0815153586397706,-1.8794117178815644,-0.7806537654888709,-0.0013833541395786965,-1.9307512814974908,0.9144012405610774,1.6307977426951887,-1.896989637231794,-0.24833865480864978,1.6742658010591855,0.5236936065624559,1.3615070973813335,0.8163451813826309,0.7574107331281388,1.409939129113241,-1.398988782982481,-1.9782121812134597,0.023033542579268085,-0.03502177619885172,-2.037034602104315,0.7002209081943465,-2.0871269248419497,-0.3062459564196389,-1.559038054896364,-2.0745771478301136,0.35105973178129335,-1.7181049829398327,-0.1788774747653989,-0.44908082793183285,-1.6890022570144856,0,0,0,0,0,0,0,1,0,0,0,0,0,0,0,0,0,0,0,0,0,1,1,0,0,0,0,1,0
Ceftriaxone,20,CN1C(SCC2=C(C([O-])=O)N3C(SC2)C(NC(C(C4=CSC(N)=N4)=NOC)=O)C3=O)=NC(C([O-])=N1)=O,0.33953923767858374,-0.24041413717464144,0.8317378944410543,0.6648590919842999,0.15774403076083987,-0.24041413717464144,0.7891247985230452,-1.4836534888249338,1.0272956046016815,-1.355469244989964,0.11191214978742077,-0.4820044472874177,-0.5674686283118437,-1.1870425207057058,-1.050046895679606,0.07380994666801177,0.45487208540683405,-1.948088673510981,-0.8611000589940624,-0.24242315319867816,-1.95449372185591,-2.064249732643151,1.6488507316505285,0.3301108907970132,0.41202374717587253,1.5456192286511294,0.16004670364231707,1.1723436685451654,-0.7374783749963031,-0.44548953812933334,1.1960050258533481,0.5154912934545534,-1.4429595480501876,0.027992181503590438,-1.050805752970802,-1.3988563236272893,-0.8181239556563854,-1.0699155483014329,0.057337648958800426,-0.5051485670860151,-1.1074940296472227,-1.5331560619829037,-0.88827435690508,0.6921633737702348,-0.32043461025333897,-0.9426229322232685,1,0,0,0,0,0,0,1,0,1,0,0,0,0,0,1,0,0,0,0,0,0,1,0,0,0,0,1,0
Sulbenicillin,5,CC1(C)C(C([O-])=O)N2C(C(NC(C(S(=O)([O-])=O)C3=CC=CC=C3)=O)C2=O)S1,-0.7408128822078182,1.4546699944798829,0.7029399888381825,0.9328007046332618,1.3335282788473921,1.4546699944798829,-0.44522740011459666,1.155489493364546,-0.19953547524365403,0.9373031777210354,1.3952346474616866,-1.0736049284037663,0.3270016408050566,1.354746077631328,1.4792864090195097,-1.5587869788195852,-0.1595334630392855,-1.3046736369805845,1.2999406267337466,-0.5614513313648251,-1.3162655748945378,0.4645647925460832,1.8499741019896538,0.7461461460859246,0.25322622613493295,1.8754525863069471,0.26289547457147,1.540409632612219,1.00785729807058,0.9925414469422115,1.580717892652782,0.24398294638278034,-1.457182698759095,-0.42967637469633757,-0.7105926215799457,-1.4305260552802046,-0.4251952238054808,-1.3500050629534366,0.36375141919388626,-0.3147448452962291,-1.3728651532938911,0.8711538236530134,-1.853983361559748,-0.48891043385273886,0.21583305035451658,-1.8028293457461333,0,0,0,0,0,0,0,0,0,0,0,0,0,0,0,0,1,0,0,0,0,0,1,0,0,0,0,1,0
Carbenicillin,5,CC1(C)C(C([O-])=O)N2C(C(NC(C(C([O-])=O)C3=CC=CC=C3)=O)C2=O)S1,-0.7408128822078182,1.8906942248861551,0.8318539246219733,1.1525397553670258,1.70789300580088,1.8906942248861551,0.47605926651294816,0.7893720896547074,-0.689372193615954,1.2362679363087523,1.8905799244066315,-0.7778046878455933,0.9888217831182696,1.816315587135288,1.9768641460652367,-0.7400099765867966,1.6409487610619018,-1.706851282900767,0.029108306143823044,-0.13465161194649003,-1.6734244197913788,0.3525063637806657,1.9194955616159455,0.7461461460859246,0.18006771154951642,1.939171159317462,0.40347023151096295,1.6283557634059573,1.00785729807058,1.1214966565441176,1.6763737091708,0.07723938531757148,-1.819582015206633,-0.8912518711208631,-0.7409760561778711,-1.8002428907032895,0.8892084302936759,-1.5336289082453285,0.4016667615627377,-0.4484014045537731,-1.5061024491792931,0.05020990830750497,-1.6456639154512145,-0.0317095889173562,0.25468604692247,-1.6296217076094468,0,0,0,0,0,0,0,1,0,0,0,0,0,0,0,0,0,0,0,0,0,0,1,0,0,0,0,1,0
Cephalosporin C,72,O=COCC1=C(C([O-])=O)N2C(SC1)C(NC(CCCC([NH3+])C([O-])=O)=O)C2=O,1.0597739842695175,0.17665765654936738,-0.04376015541293273,-0.018000406136991963,0.09586433321048848,0.17665765654936738,-0.7617992789114875,-1.22770072296663,0.2086341358274821,0.9887620661938498,-0.7919455746620034,1.9321071933970264,-0.044809223866624656,0.14479365004489733,0.4021282134838507,0.9306003575969998,2.110685263322984,-0.50112402975963,-0.5033021062051362,-0.4779147136055005,-0.4450314095864128,-0.7937363979955202,-0.274209627798938,0.5955826254871862,-0.5028846820948393,-0.31338000520899,2.8184341596622766,-0.7985899658439538,-1.8240893138424772,-0.5580292909228813,-0.6909159142973877,-0.3315587476844195,-0.5617701040767292,-0.8565330088775576,0.09679965387713574,-0.5781872981265803,-0.7925964077368731,0.07048583272079542,0.42433753320640866,-1.112907196664632,0.04223971554907268,0.3860093642780993,0.8801437788546959,1.7126499403523907,1.6469511890401818,0.8939867915887264,0,1,1,1,0,0,0,0,0,0,0,0,1,1,0,1,0,0,0,1,1,0,0,0,1,1,0,0,0
Penicillin N,56,CC1(C(N2C(S1)C(C2=O)NC(CCCC(C([O-])=O)[NH3+])=O)C([O-])=O)C,-0.020578135616883785,0.946070935525103,-0.07054186947639603,0.15875705786455585,0.6657529046223657,0.946070935525103,0.6891637976315326,0.02085587359178245,-0.8961776565971141,1.5677902407773516,0.288079173247929,1.5361165487788264,0.555973401444598,1.2236166387396252,1.4278933320076044,0.12264067276557354,0.998212695924431,-0.4299731937493641,-1.0302373559773081,-0.42960277810363406,-0.40775400106039467,1.4473515376786446,-0.11687805676972393,0.7461461460859246,0.642943957412634,-0.042362923375575776,0.9056519858205523,-0.42559091148395406,-0.2892896200455936,-0.4019553510104069,-0.3925284733865837,-1.1025135201089014,-0.23219101155141056,0.11799706502080733,1.0616844813442872,-0.2917007014736067,-1.0590004234907513,0.060028374982712226,0.7668852814440532,0.5842974161096363,0.022992686817013466,0.5426581868009632,0.5080688754620871,0.7983463340054282,1.9194007090974723,0.5285590964628666,0,0,0,1,0,0,0,1,0,0,0,0,0,0,0,0,0,0,0,0,0,0,0,0,0,1,0,0,0
Cefsulodin,37,O=C1C(C2N1C(C([O-])=O)=C(CS2)C[N+]3=CC=C(C=C3)C(N)=O)NC(C(C4=CC=CC=C4)S(=O)([O-])=O)=O,0.33953923767858374,-0.9501196000542294,0.5203238281227394,0.2289324645797313,-0.4865042534666108,-0.9501196000542294,0.012279097508781478,-0.7704964581059045,0.7844766788768253,-0.39810012305246695,-0.9534773712958698,-0.9924984108313639,-0.3318404007692132,-1.407291310807589,-0.8124549876516942,-0.5668486055695069,0.44607609346969906,-0.4083862926377617,0.7567164651537828,-0.08721184848645851,-0.3962528614397337,1.0287991566667731,0.24569829663240247,0.7461461460859246,-0.11583265383508579,0.2996718135664269,-0.17078988405196865,0.1166401976051414,-0.40214968986630306,-0.0953057620422587,0.10924239857354082,-1.508101849330836,-0.5130508285190767,-0.6592481647545055,0.3349578635882196,-0.5955460338762961,-0.21823369283214847,-0.7974607859153722,-0.964213799706093,-0.9519843234915416,-0.8152598939647239,-1.163888367538066,-0.2186980849779845,-0.07277329812214806,-0.8363086726065682,-0.265202112567715,0,0,0,0,0,0,0,1,0,0,0,0,0,0,0,0,1,1,0,0,0,1,1,0,0,1,0,0,0
SCE-796,34,O=C1C(NC(C(C([O-])=O)C2=CC=CC=C2)=O)C3N1C(C([O-])=O)=C(C[N+]4=CC=C(C(N)=O)C=C4)CS3,0.33953923767858374,-0.06415405158276652,0.8158856895618066,0.6877673761260904,0.2758984480306166,-0.06415405158276652,1.0542072095221295,-0.6672381132176605,0.7543156170006166,-0.2785451038121062,-0.42047272603971003,-0.7539498297360624,0.27844623512598793,-0.8436071090212451,-0.4426071597737949,0.604141802286495,-0.4299169643289459,-0.5470247106664047,-0.04209382347054176,-0.3520736613823386,-0.564758025452204,0.48415671692457807,-0.49376956326688287,-0.5047366056428846,-0.6285335870709803,-0.47012976694226183,-0.8437897685886189,0.04787471888444597,0.159276240018383,-0.16606007858100638,0.011184298092387756,0.07657772951395644,-0.33706564984054876,-0.2898409557167365,-0.31327894436494474,-0.3302170895336011,0.05890133145486438,-0.06063252473663283,0.18037789429125584,0.8543333753353894,-0.05783501880441155,0.4906546025589911,-0.013757648422609643,0.5900296801548163,-0.26527488140664074,0.008775491869081761,0,0,0,0,0,0,0,0,0,1,0,0,0,0,0,0,0,0,0,0,0,0,0,0,0,1,0,0,0
Nocardicin B,33,O=C1C(NC(C(C2=CC=C(OCCC([NH3+])C([O-])=O)C=C2)=NO)=O)CN1C(C([O-])=O)C3=CC=C(O)C=C3,2.1401261041559225,0.7582625522307743,1.270782454388551,1.2808059085455203,1.064471144196381,0.7582625522307743,0.09036372293683421,-1.3003202472902051,1.3245009780736114,-0.20768921396634235,-0.7493894943546633,1.5599714068883566,0.5985986403480852,-0.26885957907591046,-0.5524553159644681,1.834017610966188,-0.08072306905420003,0.11507760010342967,-1.1583621787885974,-0.13146750919396896,0.10953885197069647,1.2437034542184229,-0.32872799593074903,0.7461461460859246,0.240979518194997,-0.26483376407635256,1.0968158016681568,-0.7100234900159912,-0.9641576784925572,-0.303537425983886,-0.6753294275079366,-1.1561016366143055,0.4673919171329447,1.1179186928648712,2.0028110712405587,0.4016563384079192,-1.592107711733176,0.5213481946264521,1.4370546177319106,2.0272007141987256,0.4699343300097208,-0.5701557515348056,0.4346617449802037,0.34991931225951417,1.4433174605618193,0.4072328968545955,0,1,0,1,0,0,0,0,0,1,0,0,0,0,0,0,0,0,0,0,0,0,0,0,0,1,0,0,0
Nocardicin A,23,O=C1C(NC(C(C2=CC=C(OCCC([NH3+])C([O-])=O)C=C2)=NO)=O)CN1C(C([O-])=O)C3=CC=C(O)C=C3,2.1401261041559225,0.7582625522307743,1.270782454388551,1.2808059085455203,1.064471144196381,0.7582625522307743,0.09036372293683421,-1.3003202472902051,1.3245009780736114,-0.20768921396634235,-0.7493894943546633,1.5599714068883566,0.5985986403480852,-0.26885957907591046,-0.5524553159644681,1.834017610966188,-0.08072306905420003,0.11507760010342967,-1.1583621787885974,-0.13146750919396896,0.10953885197069647,1.2437034542184229,-0.32872799593074903,0.7461461460859246,0.240979518194997,-0.26483376407635256,1.0968158016681568,-0.7100234900159912,-0.9641576784925572,-0.303537425983886,-0.6753294275079366,-1.1561016366143055,0.4673919171329447,1.1179186928648712,2.0028110712405587,0.4016563384079192,-1.592107711733176,0.5213481946264521,1.4370546177319106,2.0272007141987256,0.4699343300097208,-0.5701557515348056,0.4346617449802037,0.34991931225951417,1.4433174605618193,0.4072328968545955,0,1,0,1,0,0,0,0,0,1,0,0,0,0,0,0,0,0,0,0,0,0,0,0,0,1,0,0,0
Ceftazidime,12,CC(ON=C(C1=CSC(N)=N1)C(NC2C3N(C2=O)C(C([O-])=O)=C(CS3)C[N+]4=CC=CC=C4)=O)(C)C([O-])=O,0.6996566109740557,-0.2629122497028263,0.9148705535861609,0.7381853885153031,0.1786725309735892,-0.2629122497028263,0.6850626180531753,-1.2185726691791758,1.183853162072483,-1.1904781372062108,-0.3871575001220174,-0.08124283104731536,-0.5259022934933646,-1.1426672261967639,-1.170746057421422,0.7298320323673402,2.198099781401434,-0.4348759206801871,-1.6345816371581838,-0.7089880740027195,-0.3796779769461803,-0.6702471539393767,-0.4653047366594081,0.5049628096815523,-0.24389887357731438,-0.49814780451975244,-1.5967938029490962,0.17105698914534884,0.15822124149932032,-0.06538228908358723,0.10232863507405512,-0.4332749912390068,-0.030934333569139976,0.49814737504337403,-0.19012405299840196,-0.05323701818396315,-0.6597465595093551,0.13486671499957334,0.057308294501553406,-0.05779614587040658,0.11034828509881849,-0.6218184116688998,0.2720797151594035,0.15933143083129647,-0.08985336883877405,0.24391462938505645,0,0,0,0,0,0,0,1,1,0,0,0,0,0,0,0,1,0,0,0,0,0,1,0,0,1,0,0,0
Nalidixic acid,196,CCN1C=C(C([O-])=O)C(C2=C1N=C(C)C=C2)=O,-2.181282375389689,1.2837238018981099,-1.5128689182926711,-0.8449501404557611,0.45152056996732737,1.2837238018981099,-1.2407409051049316,2.8092121895086986,-2.5988811755136925,1.693950070464413,2.7777130481642844,-2.733903052827061,2.4640979145306865,2.6894223973012332,2.8048366363987625,-2.0025074289785896,1.02070550635517,0.5624769096694137,2.1567867668222642,5.216120768633411,0.6048037621702718,1.9368600660380735,0.37435239036416873,0.7461461460859246,5.338620352960548,0.47404276086264957,1.7664527262810308,0.6088052987233363,1.00785729807058,5.093368867473236,0.7018779313890486,0.6365937252588578,-0.03618376396528347,1.2938099029477603,0.8859912023150593,0.005042165253077835,0.152812592766229,-0.30915729313734647,-0.18438972920271932,-0.24962116900033274,-0.3061937399903545,-1.6709698791380372,0.0880449544782101,1.7126499403523907,1.1021073996290258,0.022750769016651348,0,0,0,0,0,0,0,0,0,0,0,0,0,0,0,0,0,0,0,0,0,0,0,0,0,0,1,0,0
Ofloxacin,176,CC1COC2=C3N1C=C(C([O-])=O)C(C3=CC(F)=C2N4CCN(C)CC4)=O,-2.181282375389689,1.5233423792827103,0.612772736551932,0.8737166766541877,1.3494024643520557,1.5233423792827103,-0.4779887616123791,1.1881030620903306,-0.9092386542966673,0.8568989776674303,2.036974685746361,-2.02779925278497,2.0898062757135136,2.0318351180023124,1.7420317687045443,-0.6687053594788839,0.18504160932835742,0.061597339590766055,1.294690949939536,1.0784881818124983,0.07197144906754528,1.305425498168272,0.3777103066540487,0.7461461460859246,0.5402163766463588,0.4451459529947019,-1.3968761010564181,0.7013856222054556,1.00785729807058,0.08322965987702201,0.6533825760053519,1.9839729907246997,-0.361262497375708,-2.2395846992909583,-1.3932266076794373,-0.25442838849477767,0.26152954569991566,0.1466285782246035,0.0016446044226638996,1.4523879442389325,0.15748601927082923,-0.41323781083993993,0.5570866293514036,1.5112537353966498,0.9358801790207342,0.5397005634509667,0,0,0,0,0,0,0,0,0,0,0,0,0,0,0,0,0,0,0,0,0,1,0,0,0,0,1,0,0
Cephalothin,29,CC(OCC1=C(C([O-])=O)N2C(SC1)C(NC(CC3=CC=CS3)=O)C2=O)=O,-0.020578135616883785,0.044441396326943744,-0.28951089597489893,-0.2586709906232835,-0.09623986349588293,0.044441396326943744,-1.2622214345952507,-0.8739821240305042,-0.06838518921225528,-0.09515295573442437,0.31622770332265465,0.24795421086420297,0.592636515882412,0.16082964889332152,0.08415688767529884,-0.8089970805157822,-0.17482165015542434,-0.2027319922456032,-0.6000117896669074,-0.3613607417847409,-0.2117449452738202,-0.18175213469804277,0.2921856405792822,-2.316953234034048,0.04965345932881447,0.2788045543487032,-0.2526584732956869,0.6192769503769334,0.917325757444364,-0.37565253740865767,0.6211600355139063,1.7988050874212833,-0.4527851040584684,-1.572841969762714,-1.5044391739983167,-0.35297255171725345,0.6033684941471276,-0.34970940982669224,-1.184084086523617,-0.862650358897693,-0.3344007709783333,-0.6562781044099992,-0.4865102795984564,-1.4758643119433452,-1.1907981228641693,-0.5144306115141821,0,0,0,0,0,0,0,1,1,0,1,0,0,0,0,1,1,0,0,0,0,0,0,1,1,0,1,0,0
