name,Permeability coefficient,Charge,A:113(ASP),A:118(PHE),A:119(GLY),A:121(ASP),A:132(ARG),A:16(LYS),A:310(TYR),A:38(MET),A:40(TYR),A:42(ARG),A:80(LYS),A:82(ARG),Canonical SMILES,A:113(ASP)_bond,A:117(GLU)_bond,A:16(LYS)_bond,A:42(ARG)_bond,A:82(ARG)_bond,A:132(ARG)_bond,interaction_1Dstring,glide rotatable bonds,docking score,glide ligand efficiency,glide ligand efficiency sa,glide ligand efficiency ln,glide gscore,glide lipo,glide hbond,glide rewards,glide evdw,glide ecoul,glide erotb,glide esite,glide emodel,glide energy,glide einternal,res:A132 vdw,res:A132 coul,res:A132 hbond,res:A132 dist,res:A132 Eint,res:A117 vdw,res:A117 coul,res:A117 hbond,res:A117 dist,res:A117 Eint,res:A113 vdw,res:A113 coul,res:A113 hbond,res:A113 dist,res:A113 Eint,res:A82 vdw,res:A82 coul,res:A82 hbond,res:A82 dist,res:A82 Eint,res:A42 vdw,res:A42 coul,res:A42 hbond,res:A42 dist,res:A42 Eint,res:A16 vdw,res:A16 coul,res:A16 hbond,res:A16 dist,res:A16 Eint
Cefacetrile,100,-,0 0 0 0 0 0 0 0 0 0 0 0 0 0,0 0 0 0 0 0 0 0 0 0 0 0 0 0,0 0 0 0 0 0 0 0 0 0 0 0 0 0,0 0 0 0 0 0 0 0 0 0 0 0 0 0,0 0 1 0 0 0 0 0 0 0 0 0 0 0,0 1 0 0 0 0 0 0 0 0 0 0 0 0,0 0 0 0 0 0 0 0 0 0 0 0 0 0,0 0 0 0 0 0 0 0 0 0 0 0 0 0,0 0 0 0 0 0 0 0 0 0 0 0 0 0,0 0 0 0 0 0 0 0 0 0 0 0 0 0,0 0 0 0 0 0 0 0 0 0 0 0 0 0,0 1 1 0 0 0 0 0 0 0 0 0 0 0,CC(OCC1=C(C([O-])=O)N2C(SC1)C(NC(CC#N)=O)C2=O)=O,0,0,1,0,1,1,0 0 0 0 0 0 0 0 0 0 0 0 0 0 0 0 0 0 0 0 0 0 0 0 0 0 0 0 0 0 0 0 0 0 0 0 0 0 0 0 0 0 0 0 0 0 0 0 0 0 0 0 0 0 0 0 0 0 1 0 0 0 0 0 0 0 0 0 0 0 0 1 0 0 0 0 0 0 0 0 0 0 0 0 0 0 0 0 0 0 0 0 0 0 0 0 0 0 0 0 0 0 0 0 0 0 0 0 0 0 0 0 0 0 0 0 0 0 0 0 0 0 0 0 0 0 0 0 0 0 0 0 0 0 0 0 0 0 0 0 0 0 0 0 0 0 0 0 0 0 0 0 0 0 0 1 1 0 0 0 0 0 0 0 0 0 0 0,7.000000000000002,-5.378911600702354,-0.23380002250594203,-0.6652001774164554,-1.3007006753487846,-5.378911600702354,-0.004100061064219911,-0.9484142833775688,-1.1010000006457934,-23.25443583480002,-15.076447639695706,0.6610000000000001,-0.5623012334492216,-62.4977552777602,-38.33052959182623,5.209070507826574,-1.0018910494855948,-38.44333904021811,-0.15930141668615536,1.9941727050108766,-39.604097455403796,-3.3938287229541415,19.164881631887027,-0.023500999162322223,2.274582739188532,15.74696068849163,-2.691328208126849,18.008541502012324,0.0,2.3802880037566303,15.316444217606602,0.29260388388274483,-45.578464887755025,-0.1920078068523851,1.9964511775881675,-45.46654344730666,0.20814939875652141,-46.52225480947397,-0.2662092807325334,1.9204807471790128,-46.57307913838862,-0.20955627344325184,-40.684948963766836,-0.1416028985923541,2.047184161037433,-41.03719993479614
7-alfa-H-cefmetazole,82,-,0 0 0 0 0 0 0 0 0 0 0 0 0 0,0 0 0 0 0 0 0 0 0 0 0 0 0 0,0 0 0 0 0 0 0 0 0 0 0 0 0 0,0 0 0 0 0 0 0 0 0 0 0 0 0 0,0 1 1 0 0 0 0 0 0 0 0 0 0 0,0 0 0 0 0 0 0 0 0 0 0 0 0 0,0 0 0 0 0 0 0 0 0 0 0 0 0 0,0 0 0 0 0 0 0 0 0 0 0 0 0 0,0 0 0 0 0 0 0 0 0 0 0 0 0 0,0 0 0 0 0 0 0 0 0 0 0 0 0 0,0 0 0 0 0 0 0 0 0 0 0 0 0 0,0 0 0 0 0 0 0 0 0 0 0 0 0 0,CN1C(SCC2=C(C([O-])=O)N3C(SC2)C(NC(CSCC#N)=O)(OC)C3=O)=NN=N1,0,0,0,0,0,1,0 0 0 0 0 0 0 0 0 0 0 0 0 0 0 0 0 0 0 0 0 0 0 0 0 0 0 0 0 0 0 0 0 0 0 0 0 0 0 0 0 0 0 0 0 0 0 0 0 0 0 0 0 0 0 0 0 1 1 0 0 0 0 0 0 0 0 0 0 0 0 0 0 0 0 0 0 0 0 0 0 0 0 0 0 0 0 0 0 0 0 0 0 0 0 0 0 0 0 0 0 0 0 0 0 0 0 0 0 0 0 0 0 0 0 0 0 0 0 0 0 0 0 0 0 0 0 0 0 0 0 0 0 0 0 0 0 0 0 0 0 0 0 0 0 0 0 0 0 0 0 0 0 0 0 0 0 0 0 0 0 0 0 0 0 0 0 0,10.000000000000002,-4.264523104841255,-0.14221439106975348,-0.4417867232934859,-0.9690048761171385,-4.264523104841255,-0.02914489555883323,-0.7069404333084347,-0.19950004715175504,-27.744009171337368,-12.038196099969081,0.6389999999999999,-0.7755016792107036,-55.39730586075301,-39.783152162269246,10.739016958538953,-0.8297567816430346,-38.19657853486779,-0.16729291140773614,2.1628102771181057,-39.187996665243354,-1.8484408139289725,17.651790289332343,-0.026929848538402596,3.04659115375588,15.770144870976193,-2.0937292970619614,16.033381472548292,-0.024501389405765947,2.9713823267779684,13.911059367225102,-1.472520796745292,-43.80829211625089,-0.16385937652039026,2.0221983674499193,-45.44313043635111,-0.41641263750016816,-45.15656535760185,-0.18915138392142541,2.0138225990426335,-45.75320193108274,-0.8952111832134292,-33.8474751102141,-0.057359407408901567,2.661735842082804,-34.79794010064063
Cefazolin,77,-,0 0 0 0 0 0 0 0 0 0 0 0 0 0,0 0 0 0 0 0 0 0 0 0 0 0 0 0,0 0 0 0 0 0 0 0 0 0 0 0 0 0,0 0 0 0 0 0 0 0 0 0 0 0 0 0,0 0 1 0 0 0 0 0 0 0 0 0 0 0,0 0 0 0 0 0 0 0 0 0 0 0 0 0,0 0 0 0 0 0 0 0 0 0 0 0 0 1,0 0 0 0 0 0 0 0 0 0 0 0 0 0,0 0 0 0 0 0 0 0 0 0 0 0 0 0,0 0 0 0 0 0 0 0 0 0 0 0 0 0,0 0 0 0 0 0 0 0 0 0 0 0 0 0,0 1 1 0 0 0 0 0 0 0 0 0 0 0,CC1=NN=C(SCC2=C(C([O-])=O)N3C(SC2)C(NC(CN4C=NN=N4)=O)C3=O)S1,0,0,0,0,1,1,0 0 0 0 0 0 0 0 0 0 0 0 0 0 0 0 0 0 0 0 0 0 0 0 0 0 0 0 0 0 0 0 0 0 0 0 0 0 0 0 0 0 0 0 0 0 0 0 0 0 0 0 0 0 0 0 0 0 1 0 0 0 0 0 0 0 0 0 0 0 0 0 0 0 0 0 0 0 0 0 0 0 0 0 0 0 0 0 0 0 0 0 0 0 0 0 0 1 0 0 0 0 0 0 0 0 0 0 0 0 0 0 0 0 0 0 0 0 0 0 0 0 0 0 0 0 0 0 0 0 0 0 0 0 0 0 0 0 0 0 0 0 0 0 0 0 0 0 0 0 0 0 0 0 0 1 1 0 0 0 0 0 0 0 0 0 0 0,8.0,-5.183878897081434,-0.1787500546990714,-0.549083844550593,-1.1870023955625302,-5.183878897081434,-0.13533838970631817,-0.8091765590480059,-0.31150005559843624,-33.32492838562142,-13.582382408219187,0.586,-0.8099187322662428,-71.61101145958631,-46.90737584186494,5.963553105847259,-1.6477985717488246,-35.20375639027771,-0.16450008351648437,1.883413202163361,-37.01594623994241,-2.626802152182402,22.474368842889525,0.0,2.952344518755544,19.847488032362893,-2.1908649727099063,12.75854361355067,-0.030584833193221323,2.428621522082053,10.53367526132752,-1.1057004055170572,-39.10779546437655,-0.1281681110081083,2.118390468280781,-40.33731460675011,0.4933003716461034,-49.02183457770221,-0.3458407225912668,1.8566583729617183,-48.87222956046089,-1.3537487998218134,-45.560702376526194,-0.1177528672450457,2.138376107518175,-47.03144652389571
Cefmetazole,65,-,0 0 0 0 0 0 0 0 0 0 0 0 0 0,0 0 0 0 0 0 0 0 0 0 0 0 0 0,0 0 0 0 0 0 0 0 0 0 0 0 0 0,0 0 0 0 0 0 0 0 0 0 0 0 0 0,0 1 1 0 0 0 0 0 0 0 0 0 0 0,0 0 0 0 0 0 0 0 0 0 0 0 0 0,0 0 0 0 0 0 0 0 0 0 0 0 0 0,0 0 0 0 0 0 0 0 0 0 0 0 0 0,0 0 0 0 0 0 0 0 0 0 0 0 0 0,0 0 0 0 0 0 0 0 0 0 0 0 0 0,0 0 0 0 0 0 0 0 0 0 0 0 0 0,0 0 0 0 0 0 0 0 0 0 0 0 0 0,CN1C(SCC2=C(C([O-])=O)N3C(SC2)C(NC(CSCC#N)=O)(OC)C3=O)=NN=N1,0,0,0,0,0,1,0 0 0 0 0 0 0 0 0 0 0 0 0 0 0 0 0 0 0 0 0 0 0 0 0 0 0 0 0 0 0 0 0 0 0 0 0 0 0 0 0 0 0 0 0 0 0 0 0 0 0 0 0 0 0 0 0 1 1 0 0 0 0 0 0 0 0 0 0 0 0 0 0 0 0 0 0 0 0 0 0 0 0 0 0 0 0 0 0 0 0 0 0 0 0 0 0 0 0 0 0 0 0 0 0 0 0 0 0 0 0 0 0 0 0 0 0 0 0 0 0 0 0 0 0 0 0 0 0 0 0 0 0 0 0 0 0 0 0 0 0 0 0 0 0 0 0 0 0 0 0 0 0 0 0 0 0 0 0 0 0 0 0 0 0 0 0 0,10.000000000000002,-4.264523104841255,-0.14221439106975348,-0.4417867232934859,-0.9690048761171385,-4.264523104841255,-0.02914489555883323,-0.7069404333084347,-0.19950004715175504,-27.744009171337368,-12.038196099969081,0.6389999999999999,-0.7755016792107036,-55.39730586075301,-39.783152162269246,10.739016958538953,-0.8297567816430346,-38.19657853486779,-0.16729291140773614,2.1628102771181057,-39.187996665243354,-1.8484408139289725,17.651790289332343,-0.026929848538402596,3.04659115375588,15.770144870976193,-2.0937292970619614,16.033381472548292,-0.024501389405765947,2.9713823267779684,13.911059367225102,-1.472520796745292,-43.80829211625089,-0.16385937652039026,2.0221983674499193,-45.44313043635111,-0.41641263750016816,-45.15656535760185,-0.18915138392142541,2.0138225990426335,-45.75320193108274,-0.8952111832134292,-33.8474751102141,-0.057359407408901567,2.661735842082804,-34.79794010064063
Cefoxitin,46,-,0 0 0 0 0 0 0 0 0 0 0 0 0 0,0 0 0 0 0 0 0 0 0 0 0 0 0 0,0 0 0 0 0 0 0 0 0 0 0 0 0 0,0 0 0 0 0 0 0 0 0 0 0 0 0 0,0 1 1 0 0 0 0 0 0 0 0 0 0 0,0 0 0 0 0 0 0 0 0 0 0 0 0 0,0 0 0 0 0 0 0 0 0 0 0 0 0 1,0 0 0 0 0 0 0 0 0 0 0 0 0 0,0 0 0 0 0 0 0 0 0 0 0 0 0 0,0 1 1 0 0 0 0 0 0 0 0 0 0 0,0 0 0 0 0 0 0 0 0 0 0 0 0 0,0 0 0 0 0 0 1 0 0 1 0 0 0 0,COC1(NC(CC2=CC=CS2)=O)C3N(C(C([O-])=O)=C(COC(N)=O)CS3)C1=O,0,0,0,1,1,1,0 0 0 0 0 0 0 0 0 0 0 0 0 0 0 0 0 0 0 0 0 0 0 0 0 0 0 0 0 0 0 0 0 0 0 0 0 0 0 0 0 0 0 0 0 0 0 0 0 0 0 0 0 0 0 0 0 1 1 0 0 0 0 0 0 0 0 0 0 0 0 0 0 0 0 0 0 0 0 0 0 0 0 0 0 0 0 0 0 0 0 0 0 0 0 0 0 1 0 0 0 0 0 0 0 0 0 0 0 0 0 0 0 0 0 0 0 0 0 0 0 0 0 0 0 0 0 1 1 0 0 0 0 0 0 0 0 0 0 0 0 0 0 0 0 0 0 0 0 0 0 0 0 0 0 0 0 0 0 0 1 0 0 1 0 0 0 0,9.000000000000002,-5.094743758850618,-0.1819334318419009,-0.5524675728135245,-1.1760707661166891,-5.094743758850618,-0.308879454148002,-0.9299372073769172,-0.3966941899010533,-29.716671815696316,-13.239897320773315,0.5459999999999999,-0.5333353621461452,-65.64769010482401,-42.95557224419042,7.021511371940639,-1.1728267150995415,-40.95412276922872,-0.18040122625423297,2.0637260503996475,-42.303782740938665,-3.376185226592245,20.175426592740752,-0.020067727969750183,2.733905842050306,16.77704249181907,-2.6659404274241822,20.857920622651456,-0.02133452736211267,2.43128990018933,18.17055302310112,0.4106962719525168,-48.4282728156088,-0.24647023333201,1.8491822368782191,-48.25885711068568,0.3886976117866053,-47.23145272855747,-0.24180424749889873,1.9157744575389377,-47.08070162164615,-0.8985387534317427,-35.986069497792464,-0.051468441164673584,2.5308759422739886,-36.93554133007767
Ceftizoxime,35,-,0 0 0 0 0 0 0 0 0 0 0 0 0 0,0 0 0 0 0 0 0 0 0 0 0 0 0 0,0 0 0 0 0 0 0 0 0 0 0 0 0 0,0 0 0 0 0 0 0 0 0 0 0 0 0 0,0 0 1 0 0 0 0 0 0 0 0 0 0 0,0 0 0 0 0 0 0 0 0 0 0 0 0 0,0 0 0 0 0 0 0 0 0 0 0 0 0 0,0 0 0 0 0 0 0 0 0 0 0 0 0 0,0 0 0 0 0 0 0 0 0 0 0 0 0 0,0 1 0 0 0 0 0 0 0 0 0 0 0 0,0 0 0 0 0 0 0 0 0 0 0 0 0 0,0 0 0 0 0 0 0 0 0 0 0 0 0 0,CON=C(C(NC1C2N(C(C([O-])=O)=CCS2)C1=O)=O)C3=CSC(N)=N3,0,0,0,1,0,1,0 0 0 0 0 0 0 0 0 0 0 0 0 0 0 0 0 0 0 0 0 0 0 0 0 0 0 0 0 0 0 0 0 0 0 0 0 0 0 0 0 0 0 0 0 0 0 0 0 0 0 0 0 0 0 0 0 0 1 0 0 0 0 0 0 0 0 0 0 0 0 0 0 0 0 0 0 0 0 0 0 0 0 0 0 0 0 0 0 0 0 0 0 0 0 0 0 0 0 0 0 0 0 0 0 0 0 0 0 0 0 0 0 0 0 0 0 0 0 0 0 0 0 0 0 0 0 1 0 0 0 0 0 0 0 0 0 0 0 0 0 0 0 0 0 0 0 0 0 0 0 0 0 0 0 0 0 0 0 0 0 0 0 0 0 0 0 0,6.000000000000003,-4.4640660161151455,-0.17859101618456388,-0.5221372672771143,-1.0581400810727546,-4.4640660161151455,-0.012363835260175515,-0.8232840325594671,-0.7573225937300041,-26.81827310280829,-10.652913789251832,0.6640000000000005,-0.5969573584556948,-55.51015136983592,-37.465288721811795,4.840739130297635,-0.8554476111650674,-37.346350041995315,-0.1406397774407307,2.0628318767760105,-38.334519959785844,-3.304611753119072,20.980527883368683,-0.030003401602647473,2.5889354751361444,17.645729834393794,-2.238226435573678,19.045821655739562,-0.07900534110782785,2.302192682265351,16.728955413309308,-0.8687596854851314,-40.84310747017193,-0.10491166939329157,2.169862426507461,-41.81169722946458,0.28059429776814065,-45.05733230599831,-0.264142187317481,1.9113459131246633,-45.03318098777965,0.4396453515271274,-39.48242261611353,-0.1431842999929615,2.1660213038238574,-39.176256609599804
Cefotaxime,22,-,0 0 0 0 0 0 0 0 0 0 0 0 0 0,0 0 0 0 0 0 0 0 0 0 0 0 0 0,0 0 0 0 0 0 0 0 0 0 0 0 0 0,0 0 0 0 0 0 0 0 0 0 0 0 0 0,0 1 1 0 0 0 0 0 0 0 0 0 0 0,0 1 0 0 0 0 0 0 0 0 0 0 0 0,0 0 0 0 0 0 0 0 0 0 0 0 0 0,0 0 0 0 0 0 0 0 0 0 0 0 0 0,0 0 0 0 0 0 0 0 0 0 0 0 0 0,0 1 0 0 0 0 0 0 0 0 0 0 0 0,0 0 0 0 0 0 0 0 0 0 0 0 0 0,0 0 0 0 0 0 0 0 0 0 0 0 0 0,CC(OCC1=C(C([O-])=O)N2C(SC1)C(NC(C(C3=CSC(N)=N3)=NOC)=O)C2=O)=O,0,0,1,1,0,1,0 0 0 0 0 0 0 0 0 0 0 0 0 0 0 0 0 0 0 0 0 0 0 0 0 0 0 0 0 0 0 0 0 0 0 0 0 0 0 0 0 0 0 0 0 0 0 0 0 0 0 0 0 0 0 0 0 1 1 0 0 0 0 0 0 0 0 0 0 0 0 1 0 0 0 0 0 0 0 0 0 0 0 0 0 0 0 0 0 0 0 0 0 0 0 0 0 0 0 0 0 0 0 0 0 0 0 0 0 0 0 0 0 0 0 0 0 0 0 0 0 0 0 0 0 0 0 1 0 0 0 0 0 0 0 0 0 0 0 0 0 0 0 0 0 0 0 0 0 0 0 0 0 0 0 0 0 0 0 0 0 0 0 0 0 0 0 0,9.0,-4.533942237321238,-0.15110353738808155,-0.46958706553211543,-1.030107591490264,-4.533942237321238,-0.047452184656032716,-0.8856380873070795,-0.21173954256975094,-30.723953579343615,-12.461416808112915,0.6809999999999998,-0.6649002563660976,-63.643127096846854,-43.18001970168172,5.6763678922256195,-0.6610260545168479,-40.00860678998016,-0.1875220502910136,1.9969806757270212,-40.84913019674016,-3.6317485428377707,21.553453811460066,-0.00041379503852960497,2.7041518736742933,17.92253627087645,-2.843459956123469,18.040826781670262,-0.10862757639982376,2.2094897708813344,15.089097236237198,-0.223345105910672,-43.99711891510145,-0.15838086395273504,1.9484494469856932,-44.37256587063564,-0.08857181618172426,-43.63237372011964,-0.2288322841469586,1.891058977209152,-43.94604815663202,-0.7079955999781066,-37.47907407246367,-0.10086523449443023,2.4194593712156593,-38.280513935969026
LY097964,22,-,0 0 0 0 0 0 0 0 0 0 0 0 0 0,0 0 0 0 0 0 0 0 0 0 0 0 0 0,0 0 0 0 0 0 0 0 0 0 0 0 0 0,0 0 0 0 0 0 0 0 0 0 0 0 0 0,0 0 1 0 0 0 0 0 0 0 0 0 0 0,0 0 0 0 0 0 0 0 0 0 0 0 0 0,0 0 0 0 0 0 0 0 0 0 0 0 0 0,0 0 0 0 0 0 0 0 0 0 0 0 0 0,0 0 0 0 0 0 0 0 0 0 0 0 0 0,0 0 0 0 0 0 0 0 0 0 0 0 0 0,0 0 0 0 0 0 0 0 0 0 0 0 0 0,0 1 0 0 0 0 0 0 0 0 0 0 0 0,CON=C(C(NC1C2N(C(C([O-])=O)=C(C)CS2)C1=O)=O)C3=CSC(N)=N3,0,0,0,0,1,1,0 0 0 0 0 0 0 0 0 0 0 0 0 0 0 0 0 0 0 0 0 0 0 0 0 0 0 0 0 0 0 0 0 0 0 0 0 0 0 0 0 0 0 0 0 0 0 0 0 0 0 0 0 0 0 0 0 0 1 0 0 0 0 0 0 0 0 0 0 0 0 0 0 0 0 0 0 0 0 0 0 0 0 0 0 0 0 0 0 0 0 0 0 0 0 0 0 0 0 0 0 0 0 0 0 0 0 0 0 0 0 0 0 0 0 0 0 0 0 0 0 0 0 0 0 0 0 0 0 0 0 0 0 0 0 0 0 0 0 0 0 0 0 0 0 0 0 0 0 0 0 0 0 0 0 1 0 0 0 0 0 0 0 0 0 0 0 0,5.999999999999995,-4.266100440795251,-0.1641036470883925,-0.4860362310296298,-1.0017660600115232,-4.266100440795251,-0.012586375013741186,-0.7953956641908891,-0.5775725943795006,-28.238717647621883,-9.81743783154194,0.6220000000000006,-0.6192081410561371,-54.77562258126148,-38.05288660098953,5.188198116695793,-1.2090490302889723,-37.67898342378138,-0.14848644316353085,2.0306342618637525,-39.030201217693026,-3.3664066021128587,21.424977974478725,-0.020725941363228664,2.6319738434470756,18.038453965342292,-2.760959804126032,18.988371957806812,-0.08083301092906137,2.2999249775548747,16.146938058457874,-0.987925297855261,-40.706462623977345,-0.10631357781703768,2.1819943828293984,-41.79740860882964,0.05536137745986752,-44.00967796906545,-0.22604145432314263,2.0159985669740457,-44.17268806907947,0.1437680414495792,-35.4757446013632,-0.11048637347741014,2.8016371945236442,-35.434920114181054
Cefoperazone,16,-,0 0 0 0 0 0 0 0 0 0 0 0 0 0,0 0 0 0 0 0 0 0 0 0 0 0 0 0,0 0 0 0 0 0 0 0 0 0 0 0 0 0,0 0 0 0 0 0 0 1 0 0 0 0 0 0,0 1 1 0 0 0 0 0 0 0 0 0 0 0,0 0 0 0 0 0 0 0 0 0 0 0 0 0,0 0 0 0 0 0 0 0 0 0 0 0 0 0,0 0 0 0 0 0 0 0 0 0 0 0 0 0,0 0 0 0 0 0 0 0 0 0 0 0 0 1,0 0 0 0 0 0 0 0 0 0 0 0 0 0,0 0 0 0 0 0 0 0 0 0 0 0 0 0,0 0 1 0 0 0 0 0 0 0 0 0 0 0,CCN1CCN(C(NC(C(NC2C3N(C(C([O-])=O)=C(CSC4=NN=NN4C)CS3)C2=O)=O)C5=CC=C(O)C=C5)=O)C(C1=O)=O,0,0,0,0,1,1,0 0 0 0 0 0 0 0 0 0 0 0 0 0 0 0 0 0 0 0 0 0 0 0 0 0 0 0 0 0 0 0 0 0 0 0 0 0 0 0 0 0 0 0 0 0 0 0 0 1 0 0 0 0 0 0 0 1 1 0 0 0 0 0 0 0 0 0 0 0 0 0 0 0 0 0 0 0 0 0 0 0 0 0 0 0 0 0 0 0 0 0 0 0 0 0 0 0 0 0 0 0 0 0 0 0 0 0 0 0 0 0 0 0 0 0 0 0 0 0 0 0 0 0 0 1 0 0 0 0 0 0 0 0 0 0 0 0 0 0 0 0 0 0 0 0 0 0 0 0 0 0 0 0 0 0 1 0 0 0 0 0 0 0 0 0 0 0,13.000000000000007,-5.732066104148459,-0.1302667014569772,-0.4599337608729042,-1.1982028904601152,-5.732066104148459,-0.06346845074215281,-0.7681419057176025,0.010266522415758554,-41.41691345454265,-15.193539659323822,0.36300000000000004,-0.9238706825394783,-86.20578374044887,-56.61121683680413,14.072746800613757,-1.1468670442847908,-42.2815657855063,-0.1510686503820324,2.0253247213175074,-43.581029462653746,-3.8716969486334074,13.81167812242119,-0.010667309608008272,2.213919703885978,9.926496705440238,-2.3378113988966027,17.511682760176235,-0.021335905170670386,2.615854835185128,15.15395951553432,-0.3825470910354224,-49.913401046055434,-0.2616040390828894,1.8426552686025595,-50.55604898009332,-1.0425026787168585,-41.3214626077394,-0.072802711512655,2.1631519192308515,-42.431141150123665,-1.2009562587029683,-30.984410279342953,-0.013467691462417485,2.5196133098626348,-32.20119159346637
Cefamandole,14,-,0 0 0 0 0 0 0 0 0 0 0 0 0 0,0 0 0 0 0 0 0 0 0 0 0 0 0 0,0 0 0 0 0 0 0 0 0 0 0 0 0 0,0 0 0 0 0 0 0 0 0 0 0 0 0 0,0 1 1 0 0 0 0 0 0 0 0 0 0 0,0 0 0 0 0 0 0 0 0 0 0 0 0 0,0 0 0 0 0 0 0 0 0 0 0 0 0 0,0 0 0 0 0 0 0 0 0 0 0 0 0 0,0 0 0 0 0 0 0 0 0 0 0 0 0 0,0 0 0 0 0 0 0 0 0 0 0 0 0 0,0 0 0 0 0 0 0 0 0 0 0 0 0 0,0 1 0 0 0 0 0 0 0 0 0 0 0 0,CN1C(SCC2=C(C([O-])=O)N3C(SC2)C(NC(C(O)C4=CC=CC=C4)=O)C3=O)=NN=N1,0,0,0,0,1,1,0 0 0 0 0 0 0 0 0 0 0 0 0 0 0 0 0 0 0 0 0 0 0 0 0 0 0 0 0 0 0 0 0 0 0 0 0 0 0 0 0 0 0 0 0 0 0 0 0 0 0 0 0 0 0 0 0 1 1 0 0 0 0 0 0 0 0 0 0 0 0 0 0 0 0 0 0 0 0 0 0 0 0 0 0 0 0 0 0 0 0 0 0 0 0 0 0 0 0 0 0 0 0 0 0 0 0 0 0 0 0 0 0 0 0 0 0 0 0 0 0 0 0 0 0 0 0 0 0 0 0 0 0 0 0 0 0 0 0 0 0 0 0 0 0 0 0 0 0 0 0 0 0 0 0 1 0 0 0 0 0 0 0 0 0 0 0 0,9.000000000000002,-4.8058597455102285,-0.15493339449340263,-0.48700061667383815,-1.0839363648723415,-4.8058597455102285,-0.016533925690142445,-0.7474816901046438,-0.26146666870450186,-33.12333117898158,-13.797975523145306,0.567,-0.6226061198518406,-68.58909432485147,-46.91886318908505,7.579692889000311,-1.2273010700423899,-37.821357991208735,-0.21786849433373154,1.9359228216917408,-39.26673236717595,-3.0170796544614586,20.416581970042348,0.0,2.453840721421975,17.39851373502307,-2.909129800560965,18.532323639167235,-0.010466955709323909,2.5966069973368002,15.612849955430859,-0.8372672199768725,-41.74472142778692,-0.1340709273287231,2.1099657997142987,-42.71159685473429,0.030940535516078456,-44.67057396963724,-0.2807429212684473,2.0522690645135087,-44.915328628455406,-0.9340268193610718,-39.2631018393626,-0.10427018389059657,2.3607499150616307,-40.30214183819261
Cefuroxime,7,-,0 0 0 0 0 0 0 0 0 0 0 0 0 0,0 0 0 0 0 0 0 0 0 0 0 0 0 0,0 0 0 0 0 0 0 0 0 0 0 0 0 0,0 0 0 0 0 0 0 0 0 0 0 0 0 0,0 1 1 0 0 0 0 0 0 0 0 0 0 0,0 1 0 0 0 0 0 0 0 0 0 0 0 0,0 0 0 0 0 0 0 0 0 0 0 0 0 0,0 0 0 0 0 0 0 0 0 0 0 0 0 0,0 0 0 0 0 0 0 0 0 0 0 0 0 0,1 0 0 0 0 0 0 0 0 1 0 0 0 0,0 0 0 0 0 0 0 0 0 0 0 0 0 0,0 1 1 0 0 0 0 0 0 0 0 0 0 0,CON=C(C(NC1C2N(C(C([O-])=O)=C(COC(N)=O)CS2)C1=O)=O)C3=CC=CO3,0,0,1,1,1,1,0 0 0 0 0 0 0 0 0 0 0 0 0 0 0 0 0 0 0 0 0 0 0 0 0 0 0 0 0 0 0 0 0 0 0 0 0 0 0 0 0 0 0 0 0 0 0 0 0 0 0 0 0 0 0 0 0 1 1 0 0 0 0 0 0 0 0 0 0 0 0 1 0 0 0 0 0 0 0 0 0 0 0 0 0 0 0 0 0 0 0 0 0 0 0 0 0 0 0 0 0 0 0 0 0 0 0 0 0 0 0 0 0 0 0 0 0 0 0 0 0 0 0 0 0 0 1 0 0 0 0 0 0 0 0 1 0 0 0 0 0 0 0 0 0 0 0 0 0 0 0 0 0 0 0 1 1 0 0 0 0 0 0 0 0 0 0 0,9.0,-4.761892844602562,-0.16420709767614514,-0.5045191389786176,-1.0903536768690598,-4.761892844602562,-0.24008208707461998,-0.8563190951885392,-0.2781288327628512,-31.24365867289126,-12.508779502569256,0.6630000000000003,-0.6128298404545446,-63.940210957136394,-43.750351240597276,8.318171383089195,-1.1145365683803266,-38.622419750224715,-0.16262237872578342,2.042358051422538,-39.899488238687034,-3.3948933873392635,18.772257376722486,-0.017173150710700708,2.2754673096489824,15.361345686564775,-2.4295320039530637,18.7770244615941,-0.0494159838043218,2.141249130254189,16.298185816146496,-0.22616463150338023,-46.653177749188416,-0.22669195556338553,1.93929499008281,-47.1039956669069,0.29195768732245253,-47.338072091037986,-0.2574174617069715,1.8948824888786109,-47.29838447963247,-0.8718813088412807,-39.3829694685676,-0.11010578573487728,2.15569746267757,-40.36528406864726
Piperacillin,5,-,0 0 0 0 0 0 0 0 0 0 0 0 0 0,0 0 0 0 0 0 0 0 0 0 0 0 0 0,0 0 0 0 0 0 0 0 0 0 0 0 0 0,0 0 0 0 0 0 0 0 0 0 0 0 0 0,0 0 0 0 0 0 0 0 0 0 0 0 0 0,0 0 0 0 0 0 0 0 0 0 0 0 0 0,0 0 0 0 0 0 0 0 0 0 0 0 0 0,0 0 0 0 0 0 0 0 0 0 0 0 0 0,0 0 0 0 0 0 0 0 0 0 0 0 0 0,0 0 0 0 0 0 0 0 0 0 0 0 0 0,0 0 0 0 0 0 0 0 0 0 0 0 0 0,0 1 1 0 0 0 0 0 0 0 0 0 0 0,CCN1CCN(C(NC(C(NC2C3N(C(C([O-])=O)C(C)(C)S3)C2=O)=O)C4=CC=CC=C4)=O)C(C1=O)=O,0,0,0,0,1,0,0 0 0 0 0 0 0 0 0 0 0 0 0 0 0 0 0 0 0 0 0 0 0 0 0 0 0 0 0 0 0 0 0 0 0 0 0 0 0 0 0 0 0 0 0 0 0 0 0 0 0 0 0 0 0 0 0 0 0 0 0 0 0 0 0 0 0 0 0 0 0 0 0 0 0 0 0 0 0 0 0 0 0 0 0 0 0 0 0 0 0 0 0 0 0 0 0 0 0 0 0 0 0 0 0 0 0 0 0 0 0 0 0 0 0 0 0 0 0 0 0 0 0 0 0 0 0 0 0 0 0 0 0 0 0 0 0 0 0 0 0 0 0 0 0 0 0 0 0 0 0 0 0 0 0 1 1 0 0 0 0 0 0 0 0 0 0 0,9.000000000000004,-4.618878617486668,-0.1281428737983942,-0.4235716089156765,-1.0077867341283313,-4.618878617486668,-0.10785825759808304,-0.7130962093213433,0.00992846357790364,-31.43472549500865,-13.769325575651203,0.46200000000000035,-0.6327876718635456,-67.47508462843348,-45.203994955340306,11.64331128031931,-1.5089047639068058,-33.16675936530379,-0.07864653363089195,2.452675736218573,-34.75283883313921,-2.270816291118863,14.231030724839034,0.0,2.6789606362101,11.959082016510532,-3.088417154645344,10.059155140047622,0.0,2.6648094611800244,6.970867447380392,-1.9217858466399105,-47.40679552572766,-0.21821778047659343,1.979758505206927,-49.54749733058554,-1.556882296764694,-51.40397179618518,-0.25965175665658075,1.8949856390264828,-53.22132413743376,-1.9224116213843214,-39.01369599861075,-0.07257449373604107,2.1071977259939234,-41.00697146146605
Imipenem,216,±,0 0 0 0 1 0 0 0 0 0 0 0 0 0,0 0 0 0 1 0 0 0 0 0 0 0 0 0,0 0 0 0 0 0 0 0 0 0 0 0 0 0,0 0 0 0 0 0 0 0 0 0 0 0 0 0,0 0 0 0 0 0 0 0 0 1 0 0 0 0,0 0 0 0 0 0 0 0 0 0 0 0 0 0,0 0 0 0 0 0 0 0 0 0 0 0 0 0,0 0 0 0 0 0 0 0 0 0 0 0 0 0,0 0 0 0 0 0 0 0 0 0 0 0 0 1,0 0 0 0 0 0 0 0 0 0 0 0 0 0,0 0 0 0 0 0 0 0 0 0 0 0 0 0,0 0 0 0 0 0 0 0 0 0 0 0 0 0,CC(O)C1C2CC(SCCN=C[NH3+])=C(C([O-])=O)N2C1=O,1,0,0,0,0,1,0 0 0 0 1 0 0 0 0 0 0 0 0 0 0 0 0 0 1 0 0 0 0 0 0 0 0 0 0 0 0 0 0 0 0 0 0 0 0 0 0 0 0 0 0 0 0 0 0 0 0 0 0 0 0 0 0 0 0 0 0 0 0 0 0 1 0 0 0 0 0 0 0 0 0 0 0 0 0 0 0 0 0 0 0 0 0 0 0 0 0 0 0 0 0 0 0 0 0 0 0 0 0 0 0 0 0 0 0 0 0 0 0 0 0 0 0 0 0 0 0 0 0 0 0 1 0 0 0 0 0 0 0 0 0 0 0 0 0 0 0 0 0 0 0 0 0 0 0 0 0 0 0 0 0 0 0 0 0 0 0 0 0 0 0 0 0 0,7.000000000000003,-5.437705607105461,-0.27192872785865674,-0.7380011539559903,-1.3608253519362563,-5.437705607105461,-0.11318409876436934,-0.6660840636806088,-1.503654973300307,-15.934896892134834,-20.31172512526954,1.025,-0.33621453340355806,-61.772300876122955,-36.245357314100815,7.553142570258281,-0.09185890734427168,-20.21873980688196,-0.0858244269423633,2.378883062057465,-20.393503817974253,-2.6734084668110323,-6.959419187944234,-0.052824186236690315,2.2900779012053323,-9.683955449005964,-0.24711264808319972,-26.854456503320275,-0.18992874760548462,1.7638829196071288,-27.288567731404985,1.0771521798515042,-25.510351168052864,-0.14164603377763807,1.9628384040027718,-24.569293831636045,-1.1454425064511666,-18.47380871994247,-0.08289846175670744,2.217738893594763,-19.69932000002024,-0.23680259058740466,-4.6063400670447185,-0.01464375220542356,4.251700049373531,-4.858277253906378
Cephaloridine,167,±,0 0 0 0 0 0 0 0 0 0 0 0 0 0,0 0 0 0 0 0 0 0 0 0 0 0 0 0,0 0 0 0 0 0 0 0 0 0 0 0 0 0,0 0 0 0 0 0 0 0 0 0 0 0 0 0,0 0 0 0 0 0 0 0 0 0 0 0 0 0,0 0 0 0 0 0 0 0 0 0 0 0 0 0,0 0 0 0 0 0 0 0 0 0 0 0 0 0,0 0 0 0 0 0 0 0 0 0 0 0 0 0,0 0 0 0 0 0 0 0 0 0 0 0 0 0,0 0 0 0 0 0 0 0 0 0 0 0 0 0,0 0 0 0 0 0 0 0 0 0 0 0 0 0,0 0 0 0 0 0 0 0 0 0 0 0 0 0,C1C(=C(N2C(S1)C(C2=O)NC(=O)CC3=CC=CS3)C(=O)[O-])C[N+]4=CC=CC=C4,0,0,0,0,0,0,0 0 0 0 0 0 0 0 0 0 0 0 0 0 0 0 0 0 0 0 0 0 0 0 0 0 0 0 0 0 0 0 0 0 0 0 0 0 0 0 0 0 0 0 0 0 0 0 0 0 0 0 0 0 0 0 0 0 0 0 0 0 0 0 0 0 0 0 0 0 0 0 0 0 0 0 0 0 0 0 0 0 0 0 0 0 0 0 0 0 0 0 0 0 0 0 0 0 0 0 0 0 0 0 0 0 0 0 0 0 0 0 0 0 0 0 0 0 0 0 0 0 0 0 0 0 0 0 0 0 0 0 0 0 0 0 0 0 0 0 0 0 0 0 0 0 0 0 0 0 0 0 0 0 0 0 0 0 0 0 0 0 0 0 0 0 0 0,7.000000000000002,-4.3518327035604765,-0.15542863039834795,-0.47185769494255675,-1.0044310706127662,-4.3518327035604765,-0.10529594888892448,-0.5930040292966637,-0.5740714315965242,-27.09240487328354,-12.785404687137365,0.5720000000000002,-0.37928602884668206,-59.13930378512235,-39.87650160502671,3.7750423252348826,-1.6154233214335187,-13.580212599839541,-0.0725753009110708,2.3740853438768905,-15.266442310742367,-2.8660031866755955,-1.6542894309775689,0.0,2.493527844408429,-4.520251332356062,-1.6060410555211906,-10.791789211284666,0.0,2.344201392337713,-12.39448838737273,-0.058868863665558054,-24.651782544066467,-0.2755022705393555,1.8500639014238929,-24.984270644644575,-0.5284723495290582,-20.408453245583292,-0.18071757429578336,1.9965461660654242,-21.114430409994547,-0.5553612036562914,-10.137152061343244,-0.04385867835726834,2.884562716632105,-10.737640619163068
Cephalexin,129,±,0 0 0 0 1 0 0 0 0 0 0 0 0 0,0 0 0 0 0 0 0 0 0 0 0 0 0 0,0 0 0 0 1 0 0 0 0 0 0 0 0 0,0 0 0 0 0 0 0 0 0 0 0 0 0 0,0 0 0 0 0 0 0 0 0 0 0 0 0 0,0 0 0 0 0 0 0 0 0 0 0 0 0 0,0 0 0 0 0 0 0 0 0 0 0 0 0 0,0 0 0 0 0 0 0 0 0 0 0 0 0 0,0 0 0 0 0 0 0 0 0 0 0 0 0 0,0 1 0 0 0 0 0 0 0 0 0 0 0 0,0 0 0 0 0 0 0 0 0 0 0 0 0 0,0 0 0 0 0 0 0 0 0 0 0 0 0 0,CC1=C(C([O-])=O)N2C(SC1)C(NC(C([NH3+])C3=CC=CC=C3)=O)C2=O,1,0,0,1,0,0,0 0 0 0 1 0 0 0 0 0 0 0 0 0 0 0 0 0 0 0 0 0 0 0 0 0 0 0 0 0 0 0 1 0 0 0 0 0 0 0 0 0 0 0 0 0 0 0 0 0 0 0 0 0 0 0 0 0 0 0 0 0 0 0 0 0 0 0 0 0 0 0 0 0 0 0 0 0 0 0 0 0 0 0 0 0 0 0 0 0 0 0 0 0 0 0 0 0 0 0 0 0 0 0 0 0 0 0 0 0 0 0 0 0 0 0 0 0 0 0 0 0 0 0 0 0 0 1 0 0 0 0 0 0 0 0 0 0 0 0 0 0 0 0 0 0 0 0 0 0 0 0 0 0 0 0 0 0 0 0 0 0 0 0 0 0 0 0,5.000000000000001,-5.769387279871464,-0.24042874912039247,-0.6935014666808692,-1.3807915404041422,-5.769387279871464,-0.02728692179907155,-0.7113077949915115,-1.2357971868815625,-20.309153561127353,-18.692373730577344,0.4729999999999998,-0.44935883258085396,-67.1884699150155,-38.99957712425784,5.92847507965723,-1.2351649703304655,-14.324716117560648,-0.06893135410014359,2.636903821828455,-15.628341413124746,-2.5124981641009643,-4.967975182887525,-0.08836356989719077,2.535399369004134,-7.573812378035829,-1.2234120847461567,-27.999565953134617,-0.14071759732673192,2.085667983939873,-29.36549471696383,-0.7266254020618358,-22.290180350064045,-0.12964697283927576,2.1586238248742067,-23.14582082691734,-0.5713524663903143,-20.58885561620115,-0.14021831828837455,2.09328689460448,-21.29393882669367,0.05407811400732648,-10.033927070875748,-0.04371651723052899,4.285052221315109,-10.0201876627901
Cefaclor,123,±,0 0 0 0 1 0 0 0 0 0 0 0 0 0,0 0 0 0 0 0 0 0 0 0 0 0 0 0,0 0 0 0 0 0 0 0 0 0 0 0 0 0,0 0 0 0 0 0 0 0 0 0 0 0 0 0,0 1 0 0 0 0 0 0 0 0 0 0 0 0,0 0 0 0 0 0 0 0 0 0 0 0 0 0,0 0 0 0 0 0 0 0 0 0 0 0 0 0,0 0 0 0 0 0 0 0 0 0 0 0 0 0,0 0 0 0 0 0 0 0 0 0 0 0 0 1,0 0 0 0 0 0 0 0 0 0 0 0 0 0,0 0 0 0 0 0 0 0 0 0 0 0 0 0,0 0 1 0 0 0 0 0 0 0 0 0 0 0,O=C1C(NC(C([NH3+])C2=CC=CC=C2)=O)C3N1C(C([O-])=O)=C(Cl)CS3,1,0,0,0,1,1,0 0 0 0 1 0 0 0 0 0 0 0 0 0 0 0 0 0 0 0 0 0 0 0 0 0 0 0 0 0 0 0 0 0 0 0 0 0 0 0 0 0 0 0 0 0 0 0 0 0 0 0 0 0 0 0 0 1 0 0 0 0 0 0 0 0 0 0 0 0 0 0 0 0 0 0 0 0 0 0 0 0 0 0 0 0 0 0 0 0 0 0 0 0 0 0 0 0 0 0 0 0 0 0 0 0 0 0 0 0 0 0 0 0 0 0 0 0 0 0 0 0 0 0 0 1 0 0 0 0 0 0 0 0 0 0 0 0 0 0 0 0 0 0 0 0 0 0 0 0 0 0 0 0 0 0 1 0 0 0 0 0 0 0 0 0 0 0,5.000000000000002,-5.290844766498674,-0.2204616700805375,-0.6358472476580435,-1.266388936712982,-5.290844766498674,-0.03785170664617261,-0.6382344876864571,-0.9643115522393642,-21.54872471340285,-17.153497932835418,0.42700000000000027,-0.4279242681348065,-63.245181470540366,-38.701669257177684,5.79267271926974,-1.2574087005119845,-13.447523730335082,-0.09453996341677498,2.3096782937339584,-14.798755901057563,-2.645533736691356,-5.045247281338059,-0.023771967349125407,2.6747507234993684,-7.716210405230584,-1.1645235202426414,-28.26778168556407,-0.16131143246583587,1.9314271544465613,-29.59055216051597,-1.2293995459658906,-19.458530995235225,-0.12254359228781382,2.4438048311770384,-20.808518013834505,-1.1117652282489126,-18.41637064782619,-0.07538977843028748,2.6405809069160986,-19.601725029371483,-0.03898209772136123,-10.243042541047858,-0.05915728084131607,3.682754550838018,-10.338292134416667
Cephaloglycin,87,±,0 0 0 1 1 0 0 0 0 0 0 0 0 0,0 0 0 0 0 0 0 0 0 0 0 0 0 0,0 0 0 0 1 0 0 0 0 0 0 0 0 0,0 0 0 0 0 0 0 0 0 0 0 0 0 0,0 0 1 0 0 0 0 0 0 0 0 0 0 0,0 1 0 0 0 0 0 0 0 0 0 0 0 0,0 0 0 0 0 0 0 0 0 0 0 0 0 1,0 0 0 0 0 0 0 0 0 0 0 0 0 0,0 0 0 0 0 0 0 0 0 0 0 0 0 0,0 0 0 0 0 0 0 0 0 0 0 0 0 0,0 0 0 0 0 0 0 0 0 0 0 0 0 0,0 1 0 0 0 0 0 0 0 0 0 0 0 0,CC(OCC1=C(C([O-])=O)N2C(SC1)C(NC(C([NH3+])C3=CC=CC=C3)=O)C2=O)=O,1,0,1,0,1,1,0 0 0 1 1 0 0 0 0 0 0 0 0 0 0 0 0 0 0 0 0 0 0 0 0 0 0 0 0 0 0 0 1 0 0 0 0 0 0 0 0 0 0 0 0 0 0 0 0 0 0 0 0 0 0 0 0 0 1 0 0 0 0 0 0 0 0 0 0 0 0 1 0 0 0 0 0 0 0 0 0 0 0 0 0 0 0 0 0 0 0 0 0 0 0 0 0 1 0 0 0 0 0 0 0 0 0 0 0 0 0 0 0 0 0 0 0 0 0 0 0 0 0 0 0 0 0 0 0 0 0 0 0 0 0 0 0 0 0 0 0 0 0 0 0 0 0 0 0 0 0 0 0 0 0 1 0 0 0 0 0 0 0 0 0 0 0 0,8.0,-6.007557047395951,-0.2146155069149633,-0.6514626605050194,-1.386620466930351,-6.007557047395951,-0.045159809613738514,-1.0135525744682206,-0.6153912100742668,-23.364987507488785,-21.373404198672173,0.5980000000000001,-0.5573869250954047,-77.2176616180913,-44.73721004956406,6.542994451158542,-1.1678421479206904,-13.027048329041557,-0.12531170119177376,2.245303478295378,-14.320458285557516,-3.6418721713256947,-1.1294044030515178,0.0,2.2243699572919367,-4.771177915430224,-1.388486826081387,-27.061151749681667,-0.24500827936209146,1.9934255100375422,-28.691253498598424,-0.05177928043475816,-22.67542315699588,-0.1730777948117762,1.9020626297512606,-22.89460658933644,0.0753337503124317,-27.351746761268124,-0.2169286948367918,1.964212456090641,-27.487131809753972,0.2218256779224893,-26.51987985786363,-0.19846787718722514,2.5013440242072615,-26.490593538208945
BL-S217,84,±,0 0 0 0 0 0 0 0 0 0 0 0 0 0,0 0 0 0 0 0 0 0 0 0 0 0 0 0,0 0 0 0 0 0 0 0 0 0 0 0 0 0,0 0 0 0 0 0 0 0 0 0 0 0 0 0,0 0 0 0 0 0 0 0 0 0 0 0 0 0,0 1 0 0 0 0 0 0 0 0 0 0 0 0,0 0 0 0 0 0 0 0 0 0 0 0 0 1,0 0 0 0 0 0 0 0 0 0 0 0 0 0,0 0 0 0 0 0 0 0 0 0 0 0 0 0,0 1 1 0 0 0 0 0 0 0 0 0 0 0,0 0 0 0 0 0 0 0 0 0 0 0 0 0,0 0 0 0 0 0 1 0 0 1 0 0 0 0,O=C1C(NC(CSC2=CC=[N+](C=C2)C)=O)C3N1C(C([O-])=O)=C(COC(C)=O)CS3,0,0,1,1,1,0,0 0 0 0 0 0 0 0 0 0 0 0 0 0 0 0 0 0 0 0 0 0 0 0 0 0 0 0 0 0 0 0 0 0 0 0 0 0 0 0 0 0 0 0 0 0 0 0 0 0 0 0 0 0 0 0 0 0 0 0 0 0 0 0 0 0 0 0 0 0 0 1 0 0 0 0 0 0 0 0 0 0 0 0 0 0 0 0 0 0 0 0 0 0 0 0 0 1 0 0 0 0 0 0 0 0 0 0 0 0 0 0 0 0 0 0 0 0 0 0 0 0 0 0 0 0 0 1 1 0 0 0 0 0 0 0 0 0 0 0 0 0 0 0 0 0 0 0 0 0 0 0 0 0 0 0 0 0 0 0 1 0 0 1 0 0 0 0,9.0,-3.488007217191762,-0.12030871051263063,-0.36947111967136753,-0.7985062800587104,-3.488007217191762,-0.2280902718098495,-0.6974693583517417,0.7482417152313726,-27.48952461621349,-15.024476736571982,0.7290000000000004,-0.4123091143901486,-54.016228142196816,-42.51333061691832,7.955906758047443,-1.041059408374936,-21.83543152802871,-0.12184875250444695,2.356593996641631,-22.99991728849404,-2.988541117508358,2.5747729155791945,0.0,2.434578947156746,-0.41194667056166184,-2.826215294330979,-1.8305113724337017,-0.010385137715620522,2.3602207522261294,-4.6694691688140235,0.106519712659668,-30.95550292434461,-0.24792708776753306,1.9328821567737513,-31.093172840097875,-0.5068291735288804,-29.964441743476616,-0.20369644823732697,1.9899800176594356,-30.672782364299323,0.013834125049267038,-20.37419825207307,-0.11369451948527144,2.3399342573983257,-20.475457146404505
Ampicillin,46,±,0 0 0 0 1 0 0 0 0 0 0 0 0 0,0 0 0 0 0 0 0 0 0 0 0 0 0 0,0 0 0 0 0 0 0 0 0 0 0 0 0 0,0 0 0 0 0 0 0 0 0 0 0 0 0 0,0 0 0 0 0 0 0 0 0 0 0 0 0 0,0 0 0 0 0 0 0 0 0 0 0 0 0 0,0 0 0 0 0 0 0 0 0 0 0 0 0 0,0 0 0 0 0 0 0 0 0 0 0 0 0 0,0 0 0 0 0 0 0 0 0 0 0 0 0 0,0 0 0 0 0 0 0 0 0 0 0 0 0 0,0 0 0 0 0 0 0 0 0 0 0 0 0 0,0 0 1 0 0 0 0 0 0 0 0 0 0 0,CC1(C)C(C([O-])=O)N2C(C(NC(C([NH3+])C3=CC=CC=C3)=O)C2=O)S1,1,0,0,0,1,0,0 0 0 0 1 0 0 0 0 0 0 0 0 0 0 0 0 0 0 0 0 0 0 0 0 0 0 0 0 0 0 0 0 0 0 0 0 0 0 0 0 0 0 0 0 0 0 0 0 0 0 0 0 0 0 0 0 0 0 0 0 0 0 0 0 0 0 0 0 0 0 0 0 0 0 0 0 0 0 0 0 0 0 0 0 0 0 0 0 0 0 0 0 0 0 0 0 0 0 0 0 0 0 0 0 0 0 0 0 0 0 0 0 0 0 0 0 0 0 0 0 0 0 0 0 0 0 0 0 0 0 0 0 0 0 0 0 0 0 0 0 0 0 0 0 0 0 0 0 0 0 0 0 0 0 0 1 0 0 0 0 0 0 0 0 0 0 0,5.000000000000002,-5.37609808118269,-0.2239232470938149,-0.6461552673946821,-1.2865440761913638,-5.37609808118269,-0.04869821107507408,-0.7279366866581943,-1.0410780871884202,-19.598399841563698,-16.997663832996864,0.468,-0.4974625389805389,-61.06211866749372,-36.59436799943663,4.649139976679419,-1.4702928778608813,-13.013391458895661,-0.11731211373050422,2.270270519882488,-14.598371569037889,-2.7465286892379934,-4.107107686755027,-0.021693359821927116,2.5078679466955833,-6.87877730299264,-1.4181622353780023,-25.741609734767973,-0.20100561370555814,1.9067380199565618,-27.361952326691814,-0.6845521202778458,-16.98818406231886,-0.15431258913538606,1.987142876852806,-17.821057227232263,-0.5183468717367867,-18.33913940702102,-0.10361782828831696,2.2001116452283815,-18.95874407861694,-0.038351419991180725,-19.12480044094222,-0.10208023024505936,2.828466098809889,-19.263174386367854
Cyclacillin,40,±,0 0 0 0 1 0 0 0 0 0 0 0 0 0,0 0 0 0 0 0 0 0 0 0 0 0 0 0,0 0 0 0 0 0 0 0 0 0 0 0 0 0,0 0 0 0 0 0 0 0 0 0 0 0 0 0,0 0 1 0 0 0 0 0 0 0 0 0 0 0,0 0 0 0 0 0 0 0 0 0 0 0 0 0,0 0 0 0 0 0 0 0 0 0 0 0 0 0,0 0 0 0 0 0 0 0 0 0 0 0 0 0,0 0 0 0 0 0 0 0 0 0 0 0 0 0,0 0 0 0 0 0 0 0 0 0 0 0 0 0,0 0 0 0 0 0 0 0 0 0 0 0 0 0,0 1 1 0 0 0 0 0 0 0 0 0 0 0,CC1(C)C(C([O-])=O)N2C(C(NC(C3([NH3+])CCCCC3)=O)C2=O)S1,1,0,0,0,1,1,0 0 0 0 1 0 0 0 0 0 0 0 0 0 0 0 0 0 0 0 0 0 0 0 0 0 0 0 0 0 0 0 0 0 0 0 0 0 0 0 0 0 0 0 0 0 0 0 0 0 0 0 0 0 0 0 0 0 1 0 0 0 0 0 0 0 0 0 0 0 0 0 0 0 0 0 0 0 0 0 0 0 0 0 0 0 0 0 0 0 0 0 0 0 0 0 0 0 0 0 0 0 0 0 0 0 0 0 0 0 0 0 0 0 0 0 0 0 0 0 0 0 0 0 0 0 0 0 0 0 0 0 0 0 0 0 0 0 0 0 0 0 0 0 0 0 0 0 0 0 0 0 0 0 0 1 1 0 0 0 0 0 0 0 0 0 0 0,4.0,-5.064215819089203,-0.22020015349453742,-0.6262012611425192,-1.2246714895761441,-5.064215819089203,0.0,-0.5527479320880472,-1.1003363573585414,-21.856207984903612,-15.513886739654868,0.4880000000000002,-0.4794016745674933,-61.259495955840954,-37.367206174103536,3.1038094322447507,-1.1506662166861723,-11.845339950049235,-0.08000195460896646,2.2693895028491995,-13.073207214812072,-3.032371198440704,-5.126550960018063,0.0,2.3711091091861607,-8.159209437802899,-2.396718230139641,-24.966507149517426,-0.1640730832557397,2.0530678589897424,-27.52737560714172,-0.8222653419534784,-14.264662593219557,-0.1322030506660939,2.1317670150698658,-15.218236342244426,-0.29468538891027307,-14.169797234553558,-0.07660261306808579,2.318459823366959,-14.536959478490932,0.07569253041524358,-14.502818304490509,-0.07066942152988342,2.689235811723413,-14.491694916685569
Moxalactam,34,- - ,0 0 0 0 0 0 0 0 0 0 0 0 0 0,0 0 0 0 0 0 0 0 0 0 0 0 0 0,0 0 0 0 0 0 0 0 0 0 0 0 0 0,0 0 0 0 0 0 0 0 0 0 0 0 0 0,0 1 1 0 0 0 0 0 0 0 0 0 0 0,0 0 0 0 0 0 0 0 0 0 0 0 0 0,0 0 0 0 0 0 0 0 0 0 0 0 0 0,0 0 0 0 0 0 0 0 0 0 0 0 0 0,0 0 0 0 0 0 0 0 0 0 0 0 0 0,0 0 0 0 0 0 1 0 0 0 0 0 0 0,0 0 0 0 0 0 0 0 0 0 0 0 0 0,0 0 1 0 0 0 0 0 0 0 0 0 0 0,CN1C(SCC2=C(N3C(C(OC)(C3=O)NC(C(C4=CC=C(C=C4)O)C([O-])=O)=O)OC2)C([O-])=O)=NN=N1,0,0,0,1,1,1,0 0 0 0 0 0 0 0 0 0 0 0 0 0 0 0 0 0 0 0 0 0 0 0 0 0 0 0 0 0 0 0 0 0 0 0 0 0 0 0 0 0 0 0 0 0 0 0 0 0 0 0 0 0 0 0 0 1 1 0 0 0 0 0 0 0 0 0 0 0 0 0 0 0 0 0 0 0 0 0 0 0 0 0 0 0 0 0 0 0 0 0 0 0 0 0 0 0 0 0 0 0 0 0 0 0 0 0 0 0 0 0 0 0 0 0 0 0 0 0 0 0 0 0 0 0 0 0 0 0 0 0 1 0 0 0 0 0 0 0 0 0 0 0 0 0 0 0 0 0 0 0 0 0 0 0 1 0 0 0 0 0 0 0 0 0 0 0,10.999999999999998,-4.9372097408167015,-0.13720005985437275,-0.45286731159451465,-1.077136969017085,-4.9372097408167015,-0.05913539052241281,-0.9193440733492559,0.01733093342560926,-32.870005662561816,-13.41197547081072,0.5350000000000001,-0.8564079961292964,-72.26791710609923,-46.274184724613484,8.67082255838509,-0.23386197318340812,-65.13625867408896,-0.24100203335258882,1.8761256231034344,-65.6097310389577,-3.3497747831447864,38.19963568128361,-0.05673536799984787,2.192292998565094,34.798555872569736,-3.050011766395533,36.87979966472342,-0.021335905170670386,2.3705758052051826,33.80901269782433,-1.3248844687098897,-62.712789253289074,-0.16880105798801615,1.9674549046129959,-64.20645432753663,-0.744302204559512,-63.71635719327487,-0.2103366929430489,1.9707098123262488,-64.66947835828101,0.36502593522276255,-62.53126856188267,-0.1172712414428963,2.2940154304963496,-62.273183389355644
Aztreonam,22,- - ,0 0 0 0 0 0 0 0 0 0 0 0 0 0,0 0 0 0 0 0 0 0 0 0 0 0 0 0,0 0 0 0 0 0 0 0 0 0 0 0 0 0,0 0 0 0 0 0 0 0 0 0 0 0 0 0,0 1 0 0 0 0 0 0 0 0 0 0 0 0,0 0 0 0 0 0 0 0 0 0 0 0 0 0,0 0 0 0 0 0 0 0 0 0 0 0 0 0,0 0 0 0 0 0 0 0 0 0 0 0 0 0,0 0 0 0 0 0 0 0 0 0 0 0 0 0,0 0 0 0 0 0 0 0 0 0 0 0 0 0,0 0 0 0 0 0 0 0 0 0 0 0 0 0,0 1 1 0 0 0 0 0 0 0 0 0 0 0,CC1C(NC(C(C2=CSC(N)=N2)=NOC(C)(C([O-])=O)C)=O)C(N1S(=O)([O-])=O)=O,0,0,0,0,1,1,0 0 0 0 0 0 0 0 0 0 0 0 0 0 0 0 0 0 0 0 0 0 0 0 0 0 0 0 0 0 0 0 0 0 0 0 0 0 0 0 0 0 0 0 0 0 0 0 0 0 0 0 0 0 0 0 0 1 0 0 0 0 0 0 0 0 0 0 0 0 0 0 0 0 0 0 0 0 0 0 0 0 0 0 0 0 0 0 0 0 0 0 0 0 0 0 0 0 0 0 0 0 0 0 0 0 0 0 0 0 0 0 0 0 0 0 0 0 0 0 0 0 0 0 0 0 0 0 0 0 0 0 0 0 0 0 0 0 0 0 0 0 0 0 0 0 0 0 0 0 0 0 0 0 0 1 1 0 0 0 0 0 0 0 0 0 0 0,8.0,-4.427100089133454,-0.15807155493141656,-0.48007260659053835,-1.0218267630465943,-4.427100089133454,-0.004892957165216096,-0.9909770582442002,-0.32273738090289095,-20.112873238929435,-13.096312906779854,0.6359999999999998,-0.7747877163279637,-55.307825610192936,-33.20526145653864,7.589192395042989,-1.3915960498814235,-64.38231729974513,-0.18493613349294347,2.22106451484826,-65.95927070114489,-2.1590393794200766,36.609521660299265,-0.06046739229370304,2.5707032298393115,34.391497765053145,-1.4982787163699214,36.00513828746686,-0.0137506907164422,3.067657239460247,34.49327227097432,-1.7304382132265508,-68.65357293573838,-0.17939617297459814,2.0225715270410753,-70.5633410007875,-0.08884842405556402,-69.14595715763748,-0.20836084237287014,1.747844908710945,-69.44520142404934,-0.37114788259825077,-55.87795672538643,-0.08386070938166602,2.566239828645234,-56.33180264964711
Ceftriaxone,20,- - ,0 0 0 1 0 0 0 0 0 0 0 0 0 0,0 0 0 0 0 0 0 0 0 0 0 0 0 0,0 0 0 0 0 0 0 0 0 0 0 0 0 0,0 0 0 0 0 0 0 0 0 0 0 0 0 0,0 1 0 0 0 0 0 0 0 1 0 0 0 0,0 0 0 0 0 0 0 0 0 0 0 0 0 0,0 0 0 0 0 0 0 0 0 0 0 0 0 0,0 0 0 0 0 0 0 0 0 0 0 0 0 0,0 0 0 0 0 0 0 0 0 0 0 0 0 0,0 1 0 0 0 0 0 0 0 0 0 0 0 0,0 0 0 0 0 0 0 0 0 0 0 0 0 0,0 0 1 0 0 0 0 0 0 0 0 0 0 0,CN1C(SCC2=C(C([O-])=O)N3C(SC2)C(NC(C(C4=CSC(N)=N4)=NOC)=O)C3=O)=NC(C([O-])=N1)=O,1,0,0,1,1,1,0 0 0 1 0 0 0 0 0 0 0 0 0 0 0 0 0 0 0 0 0 0 0 0 0 0 0 0 0 0 0 0 0 0 0 0 0 0 0 0 0 0 0 0 0 0 0 0 0 0 0 0 0 0 0 0 0 1 0 0 0 0 0 0 0 1 0 0 0 0 0 0 0 0 0 0 0 0 0 0 0 0 0 0 0 0 0 0 0 0 0 0 0 0 0 0 0 0 0 0 0 0 0 0 0 0 0 0 0 0 0 0 0 0 0 0 0 0 0 0 0 0 0 0 0 0 0 1 0 0 0 0 0 0 0 0 0 0 0 0 0 0 0 0 0 0 0 0 0 0 0 0 0 0 0 0 1 0 0 0 0 0 0 0 0 0 0 0,9.0,-4.829061094536315,-0.13413803145873288,-0.44300109233383866,-1.0535234317514026,-4.829061094536315,-0.019414592582692146,-1.0429468116590435,0.10045449818020355,-34.04040753420874,-13.27333722841331,0.4720000000000004,-0.6467595392299303,-75.05738217423166,-47.31286822735504,7.392965381928747,-0.7290782200568188,-65.39533868451528,-0.18904227896671558,2.1197982449030683,-66.30642615816976,-4.120865395521609,36.8447400216526,-0.009517697557704933,3.032013062518001,32.71577325046452,-1.825702011812823,32.167248873286844,-0.1253162016679144,2.1842028494393126,30.221519939156668,-0.26507907862814717,-61.45445974682131,-0.17913906191945264,1.871224145873933,-61.89181840300198,-0.8695827357068815,-55.49460250258291,-0.18407230839607608,1.9539847007012587,-56.54380354232055,-1.4572455961128428,-44.5082660013448,-0.04524318638157892,2.6527977943067236,-46.01550067609202
Sulbenicillin,5,- - ,0 0 0 0 0 0 0 0 0 0 0 0 0 0,0 0 0 0 0 0 0 0 0 0 0 0 0 0,0 0 0 0 0 0 0 0 0 0 0 0 0 0,0 0 0 0 0 0 0 0 0 0 0 0 0 0,0 0 0 0 0 0 0 0 0 0 0 0 0 0,0 0 0 0 0 0 0 0 0 0 0 0 0 0,0 0 0 0 0 0 0 0 0 0 0 0 0 0,0 0 0 0 0 0 0 0 0 0 0 0 0 0,0 0 0 0 0 0 0 0 0 0 0 0 0 0,0 0 1 0 0 0 0 0 0 0 0 0 0 0,0 0 0 0 0 0 0 0 0 0 0 0 0 0,0 0 1 0 0 0 0 0 0 0 0 0 0 0,CC1(C)C(C([O-])=O)N2C(C(NC(C(S(=O)([O-])=O)C3=CC=CC=C3)=O)C2=O)S1,0,0,0,1,1,0,0 0 0 0 0 0 0 0 0 0 0 0 0 0 0 0 0 0 0 0 0 0 0 0 0 0 0 0 0 0 0 0 0 0 0 0 0 0 0 0 0 0 0 0 0 0 0 0 0 0 0 0 0 0 0 0 0 0 0 0 0 0 0 0 0 0 0 0 0 0 0 0 0 0 0 0 0 0 0 0 0 0 0 0 0 0 0 0 0 0 0 0 0 0 0 0 0 0 0 0 0 0 0 0 0 0 0 0 0 0 0 0 0 0 0 0 0 0 0 0 0 0 0 0 0 0 0 0 1 0 0 0 0 0 0 0 0 0 0 0 0 0 0 0 0 0 0 0 0 0 0 0 0 0 0 0 1 0 0 0 0 0 0 0 0 0 0 0,6.000000000000002,-3.759930555880596,-0.1392667558113739,-0.41780079643799034,-0.8753367816585753,-3.759930555880596,-0.10981834645598415,-0.6162061344063251,-0.5722686125363194,-20.607252111954942,-8.56338733220795,0.348,-0.49466812635921087,-46.14597812088759,-29.16988136664899,2.644190453714803,-0.9940209154465967,-55.904626912067734,-0.07873828553579487,1.9857672934319603,-56.97442908037399,-2.4553147250867715,39.46524290447491,0.0,2.9210817653377847,37.01211657937795,-1.7330982160992905,39.634847002079155,0.0,3.2403459205681555,37.90331569209604,-0.472893848495992,-61.64576020105974,-0.20286969590739748,1.9219144182666024,-62.322144540628344,-0.6675384239741552,-59.253507866658246,-0.16360290009707965,1.9912274894925932,-60.08399402658837,-0.07135578560820978,-57.73965608007857,-0.09760599463260292,3.013618645396714,-57.9050973285355
Carbenicillin,5,- - ,0 0 0 0 0 0 0 0 0 0 0 0 0 0,0 0 0 0 0 0 0 0 0 0 0 0 0 0,0 0 0 0 0 0 0 0 0 0 0 0 0 0,0 0 0 0 0 0 0 0 0 0 0 0 0 0,0 1 0 0 0 0 0 0 0 0 0 0 0 0,0 0 0 0 0 0 0 0 0 0 0 0 0 0,0 0 0 0 0 0 0 0 0 0 0 0 0 0,0 0 0 0 0 0 0 0 0 0 0 0 0 0,0 0 0 0 0 0 0 0 0 0 0 0 0 0,0 0 0 0 0 0 0 0 0 0 0 0 0 0,0 0 0 0 0 0 0 0 0 0 0 0 0 0,0 0 1 0 0 0 0 0 0 0 0 0 0 0,CC1(C)C(C([O-])=O)N2C(C(NC(C(C([O-])=O)C3=CC=CC=C3)=O)C2=O)S1,0,0,0,0,1,1,0 0 0 0 0 0 0 0 0 0 0 0 0 0 0 0 0 0 0 0 0 0 0 0 0 0 0 0 0 0 0 0 0 0 0 0 0 0 0 0 0 0 0 0 0 0 0 0 0 0 0 0 0 0 0 0 0 1 0 0 0 0 0 0 0 0 0 0 0 0 0 0 0 0 0 0 0 0 0 0 0 0 0 0 0 0 0 0 0 0 0 0 0 0 0 0 0 0 0 0 0 0 0 0 0 0 0 0 0 0 0 0 0 0 0 0 0 0 0 0 0 0 0 0 0 0 0 0 0 0 0 0 0 0 0 0 0 0 0 0 0 0 0 0 0 0 0 0 0 0 0 0 0 0 0 0 1 0 0 0 0 0 0 0 0 0 0 0,6.000000000000002,-3.484919533350292,-0.1341334111443594,-0.39713402115206825,-0.8186029066153305,-3.484919533350292,-0.04234346112871119,-0.6754061057104666,-0.840866699379807,-18.85564343588025,-6.745409824636167,0.4099999999999999,-0.38213541958730796,-40.89588667083405,-25.600740704709075,5.0257873067408365,-0.21762067840254018,-61.836959702008045,-0.14360419984640058,2.165075506299132,-62.19670784190275,-2.52911965988884,40.371060985494175,0.0,2.869975369787405,37.84210196359514,-1.606526396557844,41.41916401551049,0.0,3.335055389641414,39.8133335482317,-0.6005207709955465,-66.52000749485339,-0.2268029091794698,1.9173874190596722,-67.34583149657422,0.00832913190672478,-61.717808102593175,-0.16107003539211281,1.9650843922872725,-61.86144969155027,-0.5445634258006458,-54.88542583146095,-0.07733603349974219,3.0397603882591397,-55.511056872438786
Cephalosporin C,72,+ - -,0 0 0 0 1 1 0 0 0 1 0 0 0 0,0 0 0 0 0 0 0 0 0 0 0 0 0 0,0 0 0 0 0 0 0 0 0 0 0 0 0 0,0 0 0 0 0 0 0 0 0 0 0 0 0 0,0 0 0 0 0 0 0 0 0 0 0 0 0 0,0 0 0 0 0 0 0 0 0 0 0 0 0 0,0 0 0 0 0 0 0 0 0 0 0 0 0 0,0 0 0 0 0 0 0 0 0 0 0 0 0 1,0 0 0 0 0 0 0 0 0 0 0 0 0 1,0 1 0 0 0 0 0 0 0 0 0 0 0 0,0 1 0 0 0 0 0 0 0 0 0 0 0 0,1 0 0 0 0 0 0 0 0 1 0 0 0 0,O=COCC1=C(C([O-])=O)N2C(SC1)C(NC(CCCC([NH3+])C([O-])=O)=O)C2=O,1,0,0,1,1,0,0 0 0 0 1 1 0 0 0 1 0 0 0 0 0 0 0 0 0 0 0 0 0 0 0 0 0 0 0 0 0 0 0 0 0 0 0 0 0 0 0 0 0 0 0 0 0 0 0 0 0 0 0 0 0 0 0 0 0 0 0 0 0 0 0 0 0 0 0 0 0 0 0 0 0 0 0 0 0 0 0 0 0 0 0 0 0 0 0 0 0 0 0 0 0 0 0 0 0 0 0 0 0 0 0 0 0 0 0 0 0 1 0 0 0 0 0 0 0 0 0 0 0 0 0 1 0 1 0 0 0 0 0 0 0 0 0 0 0 0 0 1 0 0 0 0 0 0 0 0 0 0 0 0 1 0 0 0 0 0 0 0 0 1 0 0 0 0,10.999999999999996,-4.566003831976125,-0.16900030773534208,-0.5072250149930341,-1.0629011182046768,-4.566003831976125,-0.13300401926925973,-1.00156009734148,-0.34845203748317977,-20.305758932839336,-16.59060518184673,0.978,-0.5578890535169466,-59.90850091375968,-36.8963707748253,9.885132774035359,-0.015061871199757215,-44.05184560605105,-0.17077953023890302,2.020862915471746,-44.235481850546876,-3.2840684239602354,11.78855084144217,-0.00344446302101714,2.3928848305731925,8.500821149760204,0.5678780638719718,-7.8205298322082,-0.2033355521277218,2.101549498174044,-7.455777897983473,-0.913418296425053,-49.6025188968475,-0.22500269677419849,2.042212345049556,-50.74062407386403,-0.8564564473203679,-40.18999221165743,-0.15955555619337589,1.8351076847230907,-41.205750146560206,-0.35100225168454097,-20.278782726606178,0.0,3.976528219741686,-20.63025769161872
Penicillin N,56,+ - -,0 0 0 0 0 0 0 0 0 1 0 0 0 0,0 0 0 0 0 0 0 0 0 0 0 0 0 0,0 0 0 0 0 0 0 0 0 0 0 0 0 0,0 0 0 0 0 0 0 0 0 0 0 0 0 0,0 1 0 0 0 0 0 0 0 0 0 0 0 0,0 0 0 0 0 0 0 0 0 0 0 0 0 0,0 0 0 0 0 0 0 0 0 0 0 0 0 0,0 0 0 0 0 0 0 0 0 0 0 0 0 0,0 0 0 0 0 0 0 0 0 0 0 0 0 0,0 0 0 0 0 0 0 0 0 0 0 0 0 0,0 0 0 0 0 0 0 0 0 0 0 0 0 0,0 0 0 0 0 0 0 0 0 0 0 0 0 0,CC1(C(N2C(S1)C(C2=O)NC(CCCC(C([O-])=O)[NH3+])=O)C([O-])=O)C,1,0,0,0,0,1,0 0 0 0 0 0 0 0 0 1 0 0 0 0 0 0 0 0 0 0 0 0 0 0 0 0 0 0 0 0 0 0 0 0 0 0 0 0 0 0 0 0 0 0 0 0 0 0 0 0 0 0 0 0 0 0 0 1 0 0 0 0 0 0 0 0 0 0 0 0 0 0 0 0 0 0 0 0 0 0 0 0 0 0 0 0 0 0 0 0 0 0 0 0 0 0 0 0 0 0 0 0 0 0 0 0 0 0 0 0 0 0 0 0 0 0 0 0 0 0 0 0 0 0 0 0 0 0 0 0 0 0 0 0 0 0 0 0 0 0 0 0 0 0 0 0 0 0 0 0 0 0 0 0 0 0 0 0 0 0 0 0 0 0 0 0 0 0,8.0,-4.080716277194244,-0.17006675387419673,-0.490600720055784,-0.9765361786919012,-4.080716277194244,-0.02673571999794542,-0.7996726319031134,-0.9542668378792291,-16.913282912979028,-12.626782792278712,0.8949999999999999,-0.4557348719118092,-47.63750113486549,-29.538525514585505,7.535000518831462,-0.494780000860506,-43.002333178452986,-0.19767539699109013,2.0411598519992578,-43.69042179782305,-1.80802283952331,13.838475893641911,0.0,3.193327157969706,12.031035436853665,-1.154367987983543,-0.2528454704110354,-0.09313596650317876,2.2161759644557413,-1.4976944177289568,-1.503513556249818,-45.16970148543537,-0.17447220657415857,2.1859759750185384,-46.847863883455325,-0.9934416348180604,-40.33033518035125,-0.1366722839592375,2.1670793097263825,-41.46251564173288,-0.2607068998835956,-25.3766622757932,-0.04053557374091627,4.159842402056357,-25.681124358474918
Cefsulodin,37,+ - -,0 0 0 0 0 0 0 0 0 0 0 0 0 0,0 0 0 0 0 0 0 0 0 0 0 0 0 0,0 0 0 0 0 0 0 0 0 0 0 0 0 0,0 0 0 0 0 0 0 0 0 0 0 0 0 0,0 1 0 0 0 0 0 0 0 0 0 0 0 0,0 0 0 0 0 0 0 0 0 0 0 0 0 0,0 0 0 0 0 0 0 0 0 0 0 0 0 0,0 0 0 0 0 0 0 0 0 0 0 0 0 0,0 0 0 0 0 0 0 0 0 0 0 0 0 0,0 0 1 0 0 0 1 0 0 0 0 0 0 0,0 0 0 0 0 0 0 0 0 0 0 0 0 0,0 1 1 0 0 0 0 0 0 0 0 0 0 0,O=C1C(C2N1C(C([O-])=O)=C(CS2)C[N+]3=CC=C(C=C3)C(N)=O)NC(C(C4=CC=CC=C4)S(=O)([O-])=O)=O,0,0,0,1,1,1,0 0 0 0 0 0 0 0 0 0 0 0 0 0 0 0 0 0 0 0 0 0 0 0 0 0 0 0 0 0 0 0 0 0 0 0 0 0 0 0 0 0 0 0 0 0 0 0 0 0 0 0 0 0 0 0 0 1 0 0 0 0 0 0 0 0 0 0 0 0 0 0 0 0 0 0 0 0 0 0 0 0 0 0 0 0 0 0 0 0 0 0 0 0 0 0 0 0 0 0 0 0 0 0 0 0 0 0 0 0 0 0 0 0 0 0 0 0 0 0 0 0 0 0 0 0 0 0 1 0 0 0 1 0 0 0 0 0 0 0 0 0 0 0 0 0 0 0 0 0 0 0 0 0 0 1 1 0 0 0 0 0 0 0 0 0 0 0,9.0,-5.276689486334631,-0.14653851963597325,-0.48400062163751106,-1.1511573673831808,-5.276689486334631,-0.07631064512712095,-0.9276316823422924,-0.03269333752270598,-28.43126461009477,-17.183446552716745,0.365,-0.6066944512370521,-77.56258727549846,-45.60861404402855,5.5294660558457105,-0.7328712095868534,-42.68391498043366,-0.10646557209090828,2.1850060236304283,-43.52225528582836,-2.0836935903286715,18.562603068576397,0.0,2.6632680411525236,16.48631149128737,-2.12358329424942,10.748345649963907,-0.10123939066860287,2.441390749126813,8.5214697065151,-1.813954270899592,-48.94724780149804,-0.21477325373330983,2.07769687932797,-50.97649338248712,-0.5611186162810773,-51.83815835088639,-0.2523151738688321,1.8665840472697055,-52.645246336454804,-1.2443926946889974,-35.33425519826671,-0.07915658960494769,2.3056985155201635,-36.65232901978339
SCE-796,34,+ - -,0 0 0 0 0 0 0 0 0 0 0 0 0 0,0 0 0 0 0 0 0 0 0 0 0 0 0 0,0 0 0 0 0 0 0 0 0 0 0 0 0 0,0 0 0 0 0 0 0 0 0 0 0 0 0 0,0 0 0 0 0 0 0 0 0 1 0 0 0 0,0 0 0 0 0 0 0 0 0 0 0 0 0 0,0 0 0 0 0 0 0 0 0 0 0 0 0 0,0 0 0 0 0 0 0 0 0 0 0 0 0 0,0 0 0 0 0 0 0 0 0 0 0 0 0 0,0 0 0 0 0 0 0 0 0 0 0 0 0 0,0 0 0 0 0 0 0 0 0 0 0 0 0 0,0 0 0 0 0 0 0 0 0 0 0 0 0 0,O=C1C(NC(C(C([O-])=O)C2=CC=CC=C2)=O)C3N1C(C([O-])=O)=C(C[N+]4=CC=C(C(N)=O)C=C4)CS3,0,0,0,0,0,1,0 0 0 0 0 0 0 0 0 0 0 0 0 0 0 0 0 0 0 0 0 0 0 0 0 0 0 0 0 0 0 0 0 0 0 0 0 0 0 0 0 0 0 0 0 0 0 0 0 0 0 0 0 0 0 0 0 0 0 0 0 0 0 0 0 1 0 0 0 0 0 0 0 0 0 0 0 0 0 0 0 0 0 0 0 0 0 0 0 0 0 0 0 0 0 0 0 0 0 0 0 0 0 0 0 0 0 0 0 0 0 0 0 0 0 0 0 0 0 0 0 0 0 0 0 0 0 0 0 0 0 0 0 0 0 0 0 0 0 0 0 0 0 0 0 0 0 0 0 0 0 0 0 0 0 0 0 0 0 0 0 0 0 0 0 0 0 0,9.0,-4.717889597657037,-0.13476926524181887,-0.4408465351035079,-1.0356174767760458,-4.717889597657037,0.0,-0.9109351500486735,-0.0492319170396469,-27.73080208749196,-15.227254575913717,0.41500000000000015,-0.5029242534851929,-71.15099910211772,-42.955684013342996,8.935554725493796,-1.1106151320870252,-44.72890490356827,-0.14723850404489158,2.0737315870121384,-45.986091620287354,-2.4424109148394506,8.927831856493334,-0.028616622172649382,2.3051101856863645,6.459030113468901,-2.729544291739546,9.353180080874171,-0.06092865495356562,2.3894261656507916,6.563483985673251,-0.6010272079063926,-46.580258566169874,-0.19561907075213508,1.9811124228851353,-47.37122191789733,-0.41861553442360594,-41.94964929053034,-0.17585283112850278,2.219898089217538,-42.540799783481326,-0.2906827519737292,-32.52632149784541,-0.04977127512610578,2.689911313861118,-32.865466753533106
Nocardicin B,33,+ - -,0 0 0 0 1 0 0 0 0 1 0 0 0 0,0 0 0 0 0 0 0 0 0 0 0 0 0 0,0 0 0 0 0 0 0 0 0 0 0 0 0 0,0 0 0 0 0 0 0 0 0 0 0 0 0 0,0 0 0 0 0 0 0 0 0 1 0 0 0 0,0 0 0 0 0 0 0 0 0 0 0 0 0 0,0 0 0 0 0 0 0 0 0 0 0 0 0 0,0 0 0 0 0 0 0 0 0 0 0 0 0 0,0 0 0 0 0 0 0 0 0 0 0 0 0 0,0 0 0 0 0 0 0 0 0 0 0 0 0 0,0 0 0 0 0 0 0 0 0 0 0 0 0 0,0 0 0 0 0 0 0 0 0 0 0 0 0 0,O=C1C(NC(C(C2=CC=C(OCCC([NH3+])C([O-])=O)C=C2)=NO)=O)CN1C(C([O-])=O)C3=CC=C(O)C=C3,1,0,0,0,0,1,0 0 0 0 1 0 0 0 0 1 0 0 0 0 0 0 0 0 0 0 0 0 0 0 0 0 0 0 0 0 0 0 0 0 0 0 0 0 0 0 0 0 0 0 0 0 0 0 0 0 0 0 0 0 0 0 0 0 0 0 0 0 0 0 0 1 0 0 0 0 0 0 0 0 0 0 0 0 0 0 0 0 0 0 0 0 0 0 0 0 0 0 0 0 0 0 0 0 0 0 0 0 0 0 0 0 0 0 0 0 0 0 0 0 0 0 0 0 0 0 0 0 0 0 0 0 0 0 0 0 0 0 0 0 0 0 0 0 0 0 0 0 0 0 0 0 0 0 0 0 0 0 0 0 0 0 0 0 0 0 0 0 0 0 0 0 0 0,14.000000000000005,-4.199171564602037,-0.1166553051988803,-0.3850704040768248,-0.9161116003254003,-4.199171564602037,-0.07059173988575054,-1.0133024338502443,0.2634247119678329,-27.315663554137302,-16.434419183089823,0.8999999999999999,-0.44848708175866775,-64.61357184409061,-43.74362827151472,12.512924812314619,-0.9600364596422073,-34.96254596164272,-0.20421515337191673,2.1664132198639816,-36.12670744922515,-1.942151380213561,11.078212999473404,0.0,2.9125265738646506,9.133174774379565,-0.9822463885648658,-6.023626793800292,-0.14159191856824183,2.2884577237993806,-7.144553038210656,-1.5445303508321149,-35.76035648349029,-0.12262513548843657,2.326199731235105,-37.426576067118624,-1.2675658878989255,-34.13925178057602,-0.09190285416690505,2.4493098369026316,-35.500078845630824,-0.902153955997648,-26.382429409872714,-0.06041654815818544,3.83951586449933,-27.358070210120616
Nocardicin A,23,+ - -,0 0 0 0 1 0 0 0 0 1 0 0 0 0,0 0 0 0 0 0 0 0 0 0 0 0 0 0,0 0 0 0 0 0 0 0 0 0 0 0 0 0,0 0 0 0 0 0 0 0 0 0 0 0 0 0,0 0 0 0 0 0 0 0 0 1 0 0 0 0,0 0 0 0 0 0 0 0 0 0 0 0 0 0,0 0 0 0 0 0 0 0 0 0 0 0 0 0,0 0 0 0 0 0 0 0 0 0 0 0 0 0,0 0 0 0 0 0 0 0 0 0 0 0 0 0,0 0 0 0 0 0 0 0 0 0 0 0 0 0,0 0 0 0 0 0 0 0 0 0 0 0 0 0,0 0 0 0 0 0 0 0 0 0 0 0 0 0,O=C1C(NC(C(C2=CC=C(OCCC([NH3+])C([O-])=O)C=C2)=NO)=O)CN1C(C([O-])=O)C3=CC=C(O)C=C3,1,0,0,0,0,1,0 0 0 0 1 0 0 0 0 1 0 0 0 0 0 0 0 0 0 0 0 0 0 0 0 0 0 0 0 0 0 0 0 0 0 0 0 0 0 0 0 0 0 0 0 0 0 0 0 0 0 0 0 0 0 0 0 0 0 0 0 0 0 0 0 1 0 0 0 0 0 0 0 0 0 0 0 0 0 0 0 0 0 0 0 0 0 0 0 0 0 0 0 0 0 0 0 0 0 0 0 0 0 0 0 0 0 0 0 0 0 0 0 0 0 0 0 0 0 0 0 0 0 0 0 0 0 0 0 0 0 0 0 0 0 0 0 0 0 0 0 0 0 0 0 0 0 0 0 0 0 0 0 0 0 0 0 0 0 0 0 0 0 0 0 0 0 0,14.000000000000005,-4.199171564602037,-0.1166553051988803,-0.3850704040768248,-0.9161116003254003,-4.199171564602037,-0.07059173988575054,-1.0133024338502443,0.2634247119678329,-27.315663554137302,-16.434419183089823,0.8999999999999999,-0.44848708175866775,-64.61357184409061,-43.74362827151472,12.512924812314619,-0.9600364596422073,-34.96254596164272,-0.20421515337191673,2.1664132198639816,-36.12670744922515,-1.942151380213561,11.078212999473404,0.0,2.9125265738646506,9.133174774379565,-0.9822463885648658,-6.023626793800292,-0.14159191856824183,2.2884577237993806,-7.144553038210656,-1.5445303508321149,-35.76035648349029,-0.12262513548843657,2.326199731235105,-37.426576067118624,-1.2675658878989255,-34.13925178057602,-0.09190285416690505,2.4493098369026316,-35.500078845630824,-0.902153955997648,-26.382429409872714,-0.06041654815818544,3.83951586449933,-27.358070210120616
Ceftazidime,12,+ - -,0 0 0 0 0 0 0 0 0 0 0 0 0 0,0 0 0 0 0 0 0 0 0 0 0 0 0 0,0 0 0 0 0 0 0 0 0 0 0 0 0 0,0 0 0 0 0 0 0 0 0 0 0 0 0 0,0 1 1 0 0 0 0 0 0 0 0 0 0 0,0 0 0 0 0 0 0 0 0 0 0 0 0 0,0 0 0 0 0 0 0 0 0 0 0 0 0 0,0 0 0 0 0 0 0 0 0 0 0 0 0 0,0 0 0 0 0 0 0 0 0 0 0 0 0 0,0 0 1 0 0 0 0 0 0 0 0 0 0 0,0 0 0 0 0 0 0 0 0 0 0 0 0 0,0 0 1 0 0 0 0 0 0 0 0 0 0 0,CC(ON=C(C1=CSC(N)=N1)C(NC2C3N(C2=O)C(C([O-])=O)=C(CS3)C[N+]4=CC=CC=C4)=O)(C)C([O-])=O,0,0,0,1,1,1,0 0 0 0 0 0 0 0 0 0 0 0 0 0 0 0 0 0 0 0 0 0 0 0 0 0 0 0 0 0 0 0 0 0 0 0 0 0 0 0 0 0 0 0 0 0 0 0 0 0 0 0 0 0 0 0 0 1 1 0 0 0 0 0 0 0 0 0 0 0 0 0 0 0 0 0 0 0 0 0 0 0 0 0 0 0 0 0 0 0 0 0 0 0 0 0 0 0 0 0 0 0 0 0 0 0 0 0 0 0 0 0 0 0 0 0 0 0 0 0 0 0 0 0 0 0 0 0 1 0 0 0 0 0 0 0 0 0 0 0 0 0 0 0 0 0 0 0 0 0 0 0 0 0 0 0 1 0 0 0 0 0 0 0 0 0 0 0,10.000000000000012,-4.843251197975321,-0.1308276942955498,-0.43610464817475647,-1.0503517790009549,-4.843251197975321,-0.027036089721919825,-1.0000841212835152,0.18630159546862227,-33.073738896626146,-15.10498363845453,0.5559999999999997,-0.6396918000230796,-74.55263836100757,-48.17864708754385,9.301152996574146,0.022632837278179073,-43.0746509913073,-0.22852238106762504,1.9237837717682196,-43.279901866608185,-3.202734822313903,9.298709492732977,-0.005517585403335402,2.573804730970815,6.094072761396254,-3.4075400630008046,11.852394299804576,-0.061004404512355094,2.4633676529331243,8.383418386503324,-0.9912727637889253,-42.46281222408382,-0.15476098161596313,1.9994619644338059,-43.60763574010313,-0.7881449343839432,-39.32597684841802,-0.18407426936659743,2.041486413283426,-40.29714597552711,-0.9319332929671286,-28.610001324375666,-0.06886624590423894,2.807941439698812,-29.61542181278579
Nalidixic acid,196,-,0 0 0 0 0 0 0 0 0 0 0 0 0 0,0 0 0 0 0 0 0 0 0 0 0 0 0 0,0 0 0 0 0 0 0 0 0 0 0 0 0 0,0 0 0 0 0 0 0 0 0 0 0 0 0 0,0 0 0 0 0 0 0 0 0 0 0 0 0 0,0 0 0 0 0 0 0 0 0 0 0 0 0 0,0 0 0 0 0 0 0 0 0 0 0 0 0 0,0 0 0 0 0 0 0 0 0 0 0 0 0 0,0 0 0 0 0 0 0 0 0 0 0 0 0 0,0 0 0 0 0 0 0 0 0 0 0 0 0 0,0 0 0 0 0 0 0 0 0 0 0 0 0 0,0 0 0 0 0 0 0 0 0 0 0 0 0 0,CCN1C=C(C([O-])=O)C(C2=C1N=C(C)C=C2)=O,0,0,0,0,0,0,0 0 0 0 0 0 0 0 0 0 0 0 0 0 0 0 0 0 0 0 0 0 0 0 0 0 0 0 0 0 0 0 0 0 0 0 0 0 0 0 0 0 0 0 0 0 0 0 0 0 0 0 0 0 0 0 0 0 0 0 0 0 0 0 0 0 0 0 0 0 0 0 0 0 0 0 0 0 0 0 0 0 0 0 0 0 0 0 0 0 0 0 0 0 0 0 0 0 0 0 0 0 0 0 0 0 0 0 0 0 0 0 0 0 0 0 0 0 0 0 0 0 0 0 0 0 0 0 0 0 0 0 0 0 0 0 0 0 0 0 0 0 0 0 0 0 0 0 0 0 0 0 0 0 0 0 0 0 0 0 0 0 0 0 0 0 0 0,2.0,-3.8677504519808004,-0.22750012458866659,-0.5850008326041956,-1.009002459913026,-3.8677504519808004,-0.16808162592144105,-0.3488046529014173,-1.8879308334294032,-16.17412337693249,-3.4895231930723796,0.0,-0.1312865775989785,-30.964791776888468,-19.661668149408108,1.3535298405805698,-0.48508069746475574,-28.36316973758055,-0.03500308349548587,4.413055974347176,-28.885079644619804,-1.485618309862675,20.238879788395273,0.0,6.473589156281128,18.757632565349834,-0.37931335972191677,20.733760078279687,0.0,6.2521450480212595,20.354983768306365,-0.1723862599090413,-42.533416722329505,-0.11350497664940462,2.159798442907583,-42.81574220000831,-0.37032627833834064,-45.28494403088395,-0.20022046125760656,2.003965619287561,-45.85403586337248,-1.5366840936555721,-31.131501791786178,0.0,3.609937029842981,-32.67230333859154
Ofloxacin,176,-,0 0 0 0 0 0 0 0 0 0 0 0 0 0,0 0 0 0 0 0 0 0 0 0 0 0 0 0,0 0 0 0 0 0 0 0 0 0 0 0 0 0,0 0 0 0 0 0 0 0 0 0 0 0 0 0,0 0 0 0 0 0 0 0 0 0 0 0 0 0,0 0 0 0 0 0 0 0 0 0 0 0 0 0,0 0 0 0 0 0 0 0 0 0 0 0 0 0,0 0 0 0 0 0 0 0 0 0 0 0 0 0,0 0 0 0 0 0 0 0 0 0 0 0 0 0,0 0 0 0 0 0 0 0 0 0 0 0 0 0,0 0 0 0 0 0 0 0 0 0 0 0 0 0,0 1 0 0 0 0 0 0 0 0 0 0 0 0,CC1COC2=C3N1C=C(C([O-])=O)C(C3=CC(F)=C2N4CCN(C)CC4)=O,0,0,0,0,1,0,0 0 0 0 0 0 0 0 0 0 0 0 0 0 0 0 0 0 0 0 0 0 0 0 0 0 0 0 0 0 0 0 0 0 0 0 0 0 0 0 0 0 0 0 0 0 0 0 0 0 0 0 0 0 0 0 0 0 0 0 0 0 0 0 0 0 0 0 0 0 0 0 0 0 0 0 0 0 0 0 0 0 0 0 0 0 0 0 0 0 0 0 0 0 0 0 0 0 0 0 0 0 0 0 0 0 0 0 0 0 0 0 0 0 0 0 0 0 0 0 0 0 0 0 0 0 0 0 0 0 0 0 0 0 0 0 0 0 0 0 0 0 0 0 0 0 0 0 0 0 0 0 0 0 0 1 0 0 0 0 0 0 0 0 0 0 0 0,2.0,-3.716617222704999,-0.14285721002292842,-0.4233577346569968,-0.8729310954600816,-3.716617222704999,-0.11221778323316034,-0.6109326283857748,-0.961428732573495,-21.078333369398266,-6.208123217234947,0.148,-0.19492932363413043,-38.44447421176475,-27.28520068829761,5.233192804510484,-0.8454339623044946,-35.7514080634334,-0.07900623991464913,2.6747429650159016,-36.67600772026726,-1.9014994499682667,20.282631189851354,0.0,3.1215646788334577,18.381228527284343,-3.2275365699270644,22.612099066103386,0.0,2.572513757440665,19.386647517629353,0.8589091495962531,-46.905704595629096,-0.29671549636900246,1.8202049323381386,-46.34141025573398,-0.31442392213828374,-39.16812827339008,-0.18779277979378686,2.3368770000602446,-39.668303787754304,-0.8117034793791295,-24.705059319450424,-0.008928883863579703,3.4980931660041237,-25.527129286452006
Cephalothin,29,-,0 0 0 0 0 0 0 0 0 0 0 0 0 0,0 0 0 0 0 0 0 0 0 0 0 0 0 0,0 0 0 0 0 0 0 0 0 0 0 0 0 0,0 0 0 0 0 0 0 0 0 0 0 0 0 0,0 1 1 0 0 0 0 0 0 0 0 0 0 0,0 1 0 0 0 0 0 0 0 0 0 0 0 0,0 0 0 0 0 0 0 0 0 0 0 0 0 0,0 0 0 0 0 0 0 0 0 0 0 0 0 0,0 0 0 0 0 0 0 0 0 0 0 0 0 0,0 1 1 0 0 0 0 0 0 0 0 0 0 0,0 0 0 0 0 0 0 0 0 0 0 0 0 0,0 0 0 0 0 0 1 0 0 1 0 0 0 0,CC(OCC1=C(C([O-])=O)N2C(SC1)C(NC(CC3=CC=CS3)=O)C2=O)=O,0,0,1,1,1,1,0 0 0 0 0 0 0 0 0 0 0 0 0 0 0 0 0 0 0 0 0 0 0 0 0 0 0 0 0 0 0 0 0 0 0 0 0 0 0 0 0 0 0 0 0 0 0 0 0 0 0 0 0 0 0 0 0 1 1 0 0 0 0 0 0 0 0 0 0 0 0 1 0 0 0 0 0 0 0 0 0 0 0 0 0 0 0 0 0 0 0 0 0 0 0 0 0 0 0 0 0 0 0 0 0 0 0 0 0 0 0 0 0 0 0 0 0 0 0 0 0 0 0 0 0 0 0 1 1 0 0 0 0 0 0 0 0 0 0 0 0 0 0 0 0 0 0 0 0 0 0 0 0 0 0 0 0 0 0 0 1 0 0 1 0 0 0 0,8.0,-4.64939582348316,-0.17878608648617017,-0.5298604312783992,-1.0920139450992263,-4.64939582348316,-0.16965485640075975,-0.9443649716944196,-0.5003533914110713,-26.656323345534844,-12.523474257951559,0.6250000000000003,-0.4495008526630831,-59.726100519639935,-39.177189034525604,4.8251228166921285,-1.0006134560127053,-39.650405380920105,-0.17571579282744426,2.0698298745368393,-40.82443109445075,-2.880997819185689,19.168302041411547,-0.0700749590775181,2.778871792887734,16.2144987475129,-2.1972967868384834,20.946216795085814,-0.006500221692304376,2.235493722296195,18.743240457305713,0.7171800807594174,-48.13667771753609,-0.26214412924268793,1.8036347451230095,-47.680421574487795,-0.13865002355592473,-45.82916850546872,-0.26700320394735116,1.8840576866712206,-46.23033250530119,-0.9517965133150242,-39.00360859332216,-0.14136251208096914,2.067184813240618,-40.09711422503653
