name,Permeability coefficient,Charge,A:113(ASP),A:118(PHE),A:119(GLY),A:121(ASP),A:132(ARG),A:16(LYS),A:310(TYR),A:38(MET),A:40(TYR),A:42(ARG),A:80(LYS),A:82(ARG),Canonical SMILES,A:113(ASP)_bond,A:117(GLU)_bond,A:16(LYS)_bond,A:42(ARG)_bond,A:82(ARG)_bond,A:132(ARG)_bond,interaction_1Dstring,Ligand,glide rotatable bonds,docking score,glide ligand efficiency,glide ligand efficiency sa,glide ligand efficiency ln,glide gscore,glide lipo,glide hbond,glide rewards,glide evdw,glide ecoul,glide erotb,glide esite,glide emodel,glide energy,glide einternal,res:A132 vdw,res:A132 coul,res:A132 hbond,res:A132 dist,res:A132 Eint,res:A117 vdw,res:A117 coul,res:A117 hbond,res:A117 dist,res:A117 Eint,res:A113 vdw,res:A113 coul,res:A113 hbond,res:A113 dist,res:A113 Eint,res:A82 vdw,res:A82 coul,res:A82 hbond,res:A82 dist,res:A82 Eint,res:A42 vdw,res:A42 coul,res:A42 hbond,res:A42 dist,res:A42 Eint,res:A16 vdw,res:A16 coul,res:A16 hbond,res:A16 dist,res:A16 Eint,MIN_glide_gscore,MAX_glide_gscore,Tanimoto_coef
Cefacetrile,100,-,0 0 0 0 0 0 0 0 0 0 0 0 0 0,0 0 0 0 0 0 0 0 0 0 0 0 0 0,0 0 0 0 0 0 0 0 0 0 0 0 0 0,0 0 0 0 0 0 0 0 0 0 0 0 0 0,0 0 1 0 0 0 0 0 0 0 0 0 0 0,0 1 0 0 0 0 0 0 0 0 0 0 0 0,0 0 0 0 0 0 0 0 0 0 0 0 0 0,0 0 0 0 0 0 0 0 0 0 0 0 0 0,0 0 0 0 0 0 0 0 0 0 0 0 0 0,0 0 0 0 0 0 0 0 0 0 0 0 0 0,0 0 0 0 0 0 0 0 0 0 0 0 0 0,0 1 1 0 0 0 0 0 0 0 0 0 0 0,CC(OCC1=C(C([O-])=O)N2C(SC1)C(NC(CC#N)=O)C2=O)=O,0,0,1,0,1,1,0 0 0 0 0 0 0 0 0 0 0 0 0 0 0 0 0 0 0 0 0 0 0 0 0 0 0 0 0 0 0 0 0 0 0 0 0 0 0 0 0 0 0 0 0 0 0 0 0 0 0 0 0 0 0 0 0 0 1 0 0 0 0 0 0 0 0 0 0 0 0 1 0 0 0 0 0 0 0 0 0 0 0 0 0 0 0 0 0 0 0 0 0 0 0 0 0 0 0 0 0 0 0 0 0 0 0 0 0 0 0 0 0 0 0 0 0 0 0 0 0 0 0 0 0 0 0 0 0 0 0 0 0 0 0 0 0 0 0 0 0 0 0 0 0 0 0 0 0 0 0 0 0 0 0 1 1 0 0 0 0 0 0 0 0 0 0 0,66,7,-5.579,-0.243,-0.69,-1.349,-5.579,0.0,-1.148,-1.102,-26.232,-14.304,0.661,-0.532,-64.761,-40.536,7.085,-1.582,-42.635,-0.16,1.889,-44.376,-2.897,22.547,0.0,2.175,19.65,-3.639,16.246,0.0,2.249,12.607,-0.37,-48.945,-0.3,1.91,-49.615,-1.521,-43.173,-0.112,2.275,-44.806,-0.44,-33.925,-0.152,2.029,-34.517,-5.774,-5.168,0.994
7-alfa-H-cefmetazole,82,-,0 0 0 0 0 0 0 0 0 0 0 0 0 0,0 0 0 0 0 0 0 0 0 0 0 0 0 0,0 0 0 0 0 0 0 0 0 0 0 0 0 0,0 0 0 0 0 0 0 0 0 0 0 0 0 0,0 1 1 0 0 0 0 0 0 0 0 0 0 0,0 0 0 0 0 0 0 0 0 0 0 0 0 0,0 0 0 0 0 0 0 0 0 0 0 0 0 0,0 0 0 0 0 0 0 0 0 0 0 0 0 0,0 0 0 0 0 0 0 0 0 0 0 0 0 0,0 0 0 0 0 0 0 0 0 0 0 0 0 0,0 0 0 0 0 0 0 0 0 0 0 0 0 0,0 0 0 0 0 0 0 0 0 0 0 0 0 0,CN1C(SCC2=C(C([O-])=O)N3C(SC2)C(NC(CSCC#N)=O)(OC)C3=O)=NN=N1,0,0,0,0,0,1,0 0 0 0 0 0 0 0 0 0 0 0 0 0 0 0 0 0 0 0 0 0 0 0 0 0 0 0 0 0 0 0 0 0 0 0 0 0 0 0 0 0 0 0 0 0 0 0 0 0 0 0 0 0 0 0 0 1 1 0 0 0 0 0 0 0 0 0 0 0 0 0 0 0 0 0 0 0 0 0 0 0 0 0 0 0 0 0 0 0 0 0 0 0 0 0 0 0 0 0 0 0 0 0 0 0 0 0 0 0 0 0 0 0 0 0 0 0 0 0 0 0 0 0 0 0 0 0 0 0 0 0 0 0 0 0 0 0 0 0 0 0 0 0 0 0 0 0 0 0 0 0 0 0 0 0 0 0 0 0 0 0 0 0 0 0 0 0,511,10,-3.945,-0.132,-0.409,-0.896,-3.945,-0.097,-0.557,-0.199,-27.325,-10.408,0.639,-0.804,-47.949,-37.733,18.382,0.031,-51.728,-0.351,1.891,-52.048,-2.392,14.279,0.0,2.827,11.887,-2.678,19.695,0.0,2.295,17.016,-0.362,-51.832,-0.2,1.726,-52.395,-2.881,-40.953,0.0,2.445,-43.834,-0.757,-24.741,0.0,3.13,-25.498,-5.333,-3.405,0.9762
Cefazolin,77,-,0 0 0 0 0 0 0 0 0 0 0 0 0 0,0 0 0 0 0 0 0 0 0 0 0 0 0 0,0 0 0 0 0 0 0 0 0 0 0 0 0 0,0 0 0 0 0 0 0 0 0 0 0 0 0 0,0 0 1 0 0 0 0 0 0 0 0 0 0 0,0 0 0 0 0 0 0 0 0 0 0 0 0 0,0 0 0 0 0 0 0 0 0 0 0 0 0 1,0 0 0 0 0 0 0 0 0 0 0 0 0 0,0 0 0 0 0 0 0 0 0 0 0 0 0 0,0 0 0 0 0 0 0 0 0 0 0 0 0 0,0 0 0 0 0 0 0 0 0 0 0 0 0 0,0 1 1 0 0 0 0 0 0 0 0 0 0 0,CC1=NN=C(SCC2=C(C([O-])=O)N3C(SC2)C(NC(CN4C=NN=N4)=O)C3=O)S1,0,0,0,0,1,1,0 0 0 0 0 0 0 0 0 0 0 0 0 0 0 0 0 0 0 0 0 0 0 0 0 0 0 0 0 0 0 0 0 0 0 0 0 0 0 0 0 0 0 0 0 0 0 0 0 0 0 0 0 0 0 0 0 0 1 0 0 0 0 0 0 0 0 0 0 0 0 0 0 0 0 0 0 0 0 0 0 0 0 0 0 0 0 0 0 0 0 0 0 0 0 0 0 1 0 0 0 0 0 0 0 0 0 0 0 0 0 0 0 0 0 0 0 0 0 0 0 0 0 0 0 0 0 0 0 0 0 0 0 0 0 0 0 0 0 0 0 0 0 0 0 0 0 0 0 0 0 0 0 0 0 1 1 0 0 0 0 0 0 0 0 0 0 0,41,8,-5.79,-0.2,-0.613,-1.326,-5.79,-0.282,-0.759,-0.311,-36.244,-16.207,0.586,-0.781,-80.582,-52.451,5.58,-1.556,-35.45,-0.16,1.839,-37.166,-2.138,21.563,0.0,3.355,19.425,-3.23,11.111,-0.02,2.412,7.86,-1.708,-37.339,-0.029,2.445,-39.076,0.292,-50.795,-0.35,1.798,-50.853,-1.224,-49.11,-0.2,1.869,-50.534,-5.79,-4.599,0.9762
Cefmetazole,65,-,0 0 0 0 0 0 0 0 0 0 0 0 0 0,0 0 0 0 0 0 0 0 0 0 0 0 0 0,0 0 0 0 0 0 0 0 0 0 0 0 0 0,0 0 0 0 0 0 0 0 0 0 0 0 0 0,0 1 1 0 0 0 0 0 0 0 0 0 0 0,0 0 0 0 0 0 0 0 0 0 0 0 0 0,0 0 0 0 0 0 0 0 0 0 0 0 0 0,0 0 0 0 0 0 0 0 0 0 0 0 0 0,0 0 0 0 0 0 0 0 0 0 0 0 0 0,0 0 0 0 0 0 0 0 0 0 0 0 0 0,0 0 0 0 0 0 0 0 0 0 0 0 0 0,0 0 0 0 0 0 0 0 0 0 0 0 0 0,CN1C(SCC2=C(C([O-])=O)N3C(SC2)C(NC(CSCC#N)=O)(OC)C3=O)=NN=N1,0,0,0,0,0,1,0 0 0 0 0 0 0 0 0 0 0 0 0 0 0 0 0 0 0 0 0 0 0 0 0 0 0 0 0 0 0 0 0 0 0 0 0 0 0 0 0 0 0 0 0 0 0 0 0 0 0 0 0 0 0 0 0 1 1 0 0 0 0 0 0 0 0 0 0 0 0 0 0 0 0 0 0 0 0 0 0 0 0 0 0 0 0 0 0 0 0 0 0 0 0 0 0 0 0 0 0 0 0 0 0 0 0 0 0 0 0 0 0 0 0 0 0 0 0 0 0 0 0 0 0 0 0 0 0 0 0 0 0 0 0 0 0 0 0 0 0 0 0 0 0 0 0 0 0 0 0 0 0 0 0 0 0 0 0 0 0 0 0 0 0 0 0 0,512,10,-3.945,-0.132,-0.409,-0.896,-3.945,-0.097,-0.557,-0.199,-27.325,-10.408,0.639,-0.804,-47.949,-37.733,18.382,0.031,-51.728,-0.351,1.891,-52.048,-2.392,14.279,0.0,2.827,11.887,-2.678,19.695,0.0,2.295,17.016,-0.362,-51.832,-0.2,1.726,-52.395,-2.881,-40.953,0.0,2.445,-43.834,-0.757,-24.741,0.0,3.13,-25.498,-5.333,-3.405,0.9762
Cefoxitin,46,-,0 0 0 0 0 0 0 0 0 0 0 0 0 0,0 0 0 0 0 0 0 0 0 0 0 0 0 0,0 0 0 0 0 0 0 0 0 0 0 0 0 0,0 0 0 0 0 0 0 0 0 0 0 0 0 0,0 1 1 0 0 0 0 0 0 0 0 0 0 0,0 0 0 0 0 0 0 0 0 0 0 0 0 0,0 0 0 0 0 0 0 0 0 0 0 0 0 1,0 0 0 0 0 0 0 0 0 0 0 0 0 0,0 0 0 0 0 0 0 0 0 0 0 0 0 0,0 1 1 0 0 0 0 0 0 0 0 0 0 0,0 0 0 0 0 0 0 0 0 0 0 0 0 0,0 0 0 0 0 0 1 0 0 1 0 0 0 0,COC1(NC(CC2=CC=CS2)=O)C3N(C(C([O-])=O)=C(COC(N)=O)CS3)C1=O,0,0,0,1,1,1,0 0 0 0 0 0 0 0 0 0 0 0 0 0 0 0 0 0 0 0 0 0 0 0 0 0 0 0 0 0 0 0 0 0 0 0 0 0 0 0 0 0 0 0 0 0 0 0 0 0 0 0 0 0 0 0 0 1 1 0 0 0 0 0 0 0 0 0 0 0 0 0 0 0 0 0 0 0 0 0 0 0 0 0 0 0 0 0 0 0 0 0 0 0 0 0 0 1 0 0 0 0 0 0 0 0 0 0 0 0 0 0 0 0 0 0 0 0 0 0 0 0 0 0 0 0 0 1 1 0 0 0 0 0 0 0 0 0 0 0 0 0 0 0 0 0 0 0 0 0 0 0 0 0 0 0 0 0 0 0 1 0 0 1 0 0 0 0,74,9,-5.529,-0.197,-0.6,-1.276,-5.529,-0.461,-0.952,-0.502,-31.047,-14.233,0.546,-0.473,-72.7,-45.28,2.683,-1.796,-42.794,-0.156,2.11,-44.746,-3.01,21.69,0.0,3.131,18.68,-3.416,22.482,0.0,2.426,19.066,0.699,-49.919,-0.2,1.692,-49.42,0.19,-47.69,-0.237,1.806,-47.737,-1.5,-33.067,0.0,2.436,-34.567,-5.785,-4.39,0.994
Ceftizoxime,35,-,0 0 0 0 0 0 0 0 0 0 0 0 0 0,0 0 0 0 0 0 0 0 0 0 0 0 0 0,0 0 0 0 0 0 0 0 0 0 0 0 0 0,0 0 0 0 0 0 0 0 0 0 0 0 0 0,0 0 1 0 0 0 0 0 0 0 0 0 0 0,0 0 0 0 0 0 0 0 0 0 0 0 0 0,0 0 0 0 0 0 0 0 0 0 0 0 0 0,0 0 0 0 0 0 0 0 0 0 0 0 0 0,0 0 0 0 0 0 0 0 0 0 0 0 0 0,0 1 0 0 0 0 0 0 0 0 0 0 0 0,0 0 0 0 0 0 0 0 0 0 0 0 0 0,0 0 0 0 0 0 0 0 0 0 0 0 0 0,CON=C(C(NC1C2N(C(C([O-])=O)=CCS2)C1=O)=O)C3=CSC(N)=N3,0,0,0,1,0,1,0 0 0 0 0 0 0 0 0 0 0 0 0 0 0 0 0 0 0 0 0 0 0 0 0 0 0 0 0 0 0 0 0 0 0 0 0 0 0 0 0 0 0 0 0 0 0 0 0 0 0 0 0 0 0 0 0 0 1 0 0 0 0 0 0 0 0 0 0 0 0 0 0 0 0 0 0 0 0 0 0 0 0 0 0 0 0 0 0 0 0 0 0 0 0 0 0 0 0 0 0 0 0 0 0 0 0 0 0 0 0 0 0 0 0 0 0 0 0 0 0 0 0 0 0 0 0 1 0 0 0 0 0 0 0 0 0 0 0 0 0 0 0 0 0 0 0 0 0 0 0 0 0 0 0 0 0 0 0 0 0 0 0 0 0 0 0 0,279,6,-4.793,-0.192,-0.561,-1.136,-4.793,-0.063,-0.847,-0.802,-29.653,-11.175,0.664,-0.586,-59.602,-40.828,7.084,-1.519,-31.291,-0.041,2.399,-32.851,-3.761,19.27,-0.32,1.918,15.189,-2.964,21.859,0.0,2.553,18.895,-1.439,-35.68,0.0,2.697,-37.119,0.828,-50.262,-0.287,1.75,-49.72,0.592,-46.094,-0.2,1.78,-45.702,-5.074,-3.385,0.9881
Cefotaxime,22,-,0 0 0 0 0 0 0 0 0 0 0 0 0 0,0 0 0 0 0 0 0 0 0 0 0 0 0 0,0 0 0 0 0 0 0 0 0 0 0 0 0 0,0 0 0 0 0 0 0 0 0 0 0 0 0 0,0 1 1 0 0 0 0 0 0 0 0 0 0 0,0 1 0 0 0 0 0 0 0 0 0 0 0 0,0 0 0 0 0 0 0 0 0 0 0 0 0 0,0 0 0 0 0 0 0 0 0 0 0 0 0 0,0 0 0 0 0 0 0 0 0 0 0 0 0 0,0 1 0 0 0 0 0 0 0 0 0 0 0 0,0 0 0 0 0 0 0 0 0 0 0 0 0 0,0 0 0 0 0 0 0 0 0 0 0 0 0 0,CC(OCC1=C(C([O-])=O)N2C(SC1)C(NC(C(C3=CSC(N)=N3)=NOC)=O)C2=O)=O,0,0,1,1,0,1,0 0 0 0 0 0 0 0 0 0 0 0 0 0 0 0 0 0 0 0 0 0 0 0 0 0 0 0 0 0 0 0 0 0 0 0 0 0 0 0 0 0 0 0 0 0 0 0 0 0 0 0 0 0 0 0 0 1 1 0 0 0 0 0 0 0 0 0 0 0 0 1 0 0 0 0 0 0 0 0 0 0 0 0 0 0 0 0 0 0 0 0 0 0 0 0 0 0 0 0 0 0 0 0 0 0 0 0 0 0 0 0 0 0 0 0 0 0 0 0 0 0 0 0 0 0 0 1 0 0 0 0 0 0 0 0 0 0 0 0 0 0 0 0 0 0 0 0 0 0 0 0 0 0 0 0 0 0 0 0 0 0 0 0 0 0 0 0,172,9,-5.121,-0.171,-0.53,-1.164,-5.121,0.0,-1.205,-0.31,-19.586,-17.582,0.681,-0.669,-61.57,-37.168,5.08,2.815,-51.1,-0.365,1.643,-48.651,-1.723,21.124,0.0,3.123,19.401,-3.779,21.228,0.0,2.285,17.449,3.7,-51.349,-0.17,1.541,-47.82,-0.089,-41.414,-0.19,1.731,-41.693,0.333,-33.342,-0.16,1.78,-33.169,-5.43,-3.139,0.9762
LY097964,22,-,0 0 0 0 0 0 0 0 0 0 0 0 0 0,0 0 0 0 0 0 0 0 0 0 0 0 0 0,0 0 0 0 0 0 0 0 0 0 0 0 0 0,0 0 0 0 0 0 0 0 0 0 0 0 0 0,0 0 1 0 0 0 0 0 0 0 0 0 0 0,0 0 0 0 0 0 0 0 0 0 0 0 0 0,0 0 0 0 0 0 0 0 0 0 0 0 0 0,0 0 0 0 0 0 0 0 0 0 0 0 0 0,0 0 0 0 0 0 0 0 0 0 0 0 0 0,0 0 0 0 0 0 0 0 0 0 0 0 0 0,0 0 0 0 0 0 0 0 0 0 0 0 0 0,0 1 0 0 0 0 0 0 0 0 0 0 0 0,CON=C(C(NC1C2N(C(C([O-])=O)=C(C)CS2)C1=O)=O)C3=CSC(N)=N3,0,0,0,0,1,1,0 0 0 0 0 0 0 0 0 0 0 0 0 0 0 0 0 0 0 0 0 0 0 0 0 0 0 0 0 0 0 0 0 0 0 0 0 0 0 0 0 0 0 0 0 0 0 0 0 0 0 0 0 0 0 0 0 0 1 0 0 0 0 0 0 0 0 0 0 0 0 0 0 0 0 0 0 0 0 0 0 0 0 0 0 0 0 0 0 0 0 0 0 0 0 0 0 0 0 0 0 0 0 0 0 0 0 0 0 0 0 0 0 0 0 0 0 0 0 0 0 0 0 0 0 0 0 0 0 0 0 0 0 0 0 0 0 0 0 0 0 0 0 0 0 0 0 0 0 0 0 0 0 0 0 1 0 0 0 0 0 0 0 0 0 0 0 0,297,6,-4.752,-0.183,-0.541,-1.116,-4.752,0.0,-0.858,-0.68,-30.303,-10.839,0.622,-0.696,-60.916,-41.142,2.563,-1.141,-35.549,-0.16,1.751,-36.85,-4.07,21.094,-0.132,2.204,16.891,-3.941,21.171,0.0,2.538,17.23,-1.619,-39.097,-0.052,2.37,-40.769,0.306,-51.943,-0.314,1.788,-51.95,0.248,-46.503,-0.2,1.804,-46.455,-4.963,-2.406,0.9821
Cefoperazone,16,-,0 0 0 0 0 0 0 0 0 0 0 0 0 0,0 0 0 0 0 0 0 0 0 0 0 0 0 0,0 0 0 0 0 0 0 0 0 0 0 0 0 0,0 0 0 0 0 0 0 1 0 0 0 0 0 0,0 1 1 0 0 0 0 0 0 0 0 0 0 0,0 0 0 0 0 0 0 0 0 0 0 0 0 0,0 0 0 0 0 0 0 0 0 0 0 0 0 0,0 0 0 0 0 0 0 0 0 0 0 0 0 0,0 0 0 0 0 0 0 0 0 0 0 0 0 1,0 0 0 0 0 0 0 0 0 0 0 0 0 0,0 0 0 0 0 0 0 0 0 0 0 0 0 0,0 0 1 0 0 0 0 0 0 0 0 0 0 0,CCN1CCN(C(NC(C(NC2C3N(C(C([O-])=O)=C(CSC4=NN=NN4C)CS3)C2=O)=O)C5=CC=C(O)C=C5)=O)C(C1=O)=O,0,0,0,0,1,1,0 0 0 0 0 0 0 0 0 0 0 0 0 0 0 0 0 0 0 0 0 0 0 0 0 0 0 0 0 0 0 0 0 0 0 0 0 0 0 0 0 0 0 0 0 0 0 0 0 1 0 0 0 0 0 0 0 1 1 0 0 0 0 0 0 0 0 0 0 0 0 0 0 0 0 0 0 0 0 0 0 0 0 0 0 0 0 0 0 0 0 0 0 0 0 0 0 0 0 0 0 0 0 0 0 0 0 0 0 0 0 0 0 0 0 0 0 0 0 0 0 0 0 0 0 1 0 0 0 0 0 0 0 0 0 0 0 0 0 0 0 0 0 0 0 0 0 0 0 0 0 0 0 0 0 0 1 0 0 0 0 0 0 0 0 0 0 0,22,13,-5.974,-0.136,-0.479,-1.249,-5.974,-0.035,-0.707,0.001,-43.57,-16.645,0.363,-0.92,-89.998,-60.216,16.837,-2.172,-46.715,-0.147,2.089,-49.034,-4.734,3.653,0.0,2.149,-1.081,-3.501,17.878,0.0,2.362,14.377,0.422,-56.672,-0.4,1.708,-56.651,-2.139,-36.057,0.0,2.587,-38.196,-1.192,-26.838,0.0,2.72,-28.029,-6.301,-4.902,0.9762
Cefamandole,14,-,0 0 0 0 0 0 0 0 0 0 0 0 0 0,0 0 0 0 0 0 0 0 0 0 0 0 0 0,0 0 0 0 0 0 0 0 0 0 0 0 0 0,0 0 0 0 0 0 0 0 0 0 0 0 0 0,0 1 1 0 0 0 0 0 0 0 0 0 0 0,0 0 0 0 0 0 0 0 0 0 0 0 0 0,0 0 0 0 0 0 0 0 0 0 0 0 0 0,0 0 0 0 0 0 0 0 0 0 0 0 0 0,0 0 0 0 0 0 0 0 0 0 0 0 0 0,0 0 0 0 0 0 0 0 0 0 0 0 0 0,0 0 0 0 0 0 0 0 0 0 0 0 0 0,0 1 0 0 0 0 0 0 0 0 0 0 0 0,CN1C(SCC2=C(C([O-])=O)N3C(SC2)C(NC(C(O)C4=CC=CC=C4)=O)C3=O)=NN=N1,0,0,0,0,1,1,0 0 0 0 0 0 0 0 0 0 0 0 0 0 0 0 0 0 0 0 0 0 0 0 0 0 0 0 0 0 0 0 0 0 0 0 0 0 0 0 0 0 0 0 0 0 0 0 0 0 0 0 0 0 0 0 0 1 1 0 0 0 0 0 0 0 0 0 0 0 0 0 0 0 0 0 0 0 0 0 0 0 0 0 0 0 0 0 0 0 0 0 0 0 0 0 0 0 0 0 0 0 0 0 0 0 0 0 0 0 0 0 0 0 0 0 0 0 0 0 0 0 0 0 0 0 0 0 0 0 0 0 0 0 0 0 0 0 0 0 0 0 0 0 0 0 0 0 0 0 0 0 0 0 0 1 0 0 0 0 0 0 0 0 0 0 0 0,210,9,-5.002,-0.161,-0.507,-1.128,-5.002,0.0,-0.47,-0.263,-32.267,-15.856,0.567,-0.845,-70.173,-48.123,8.898,-1.159,-40.024,-0.27,1.793,-41.453,-2.614,13.504,0.0,1.994,10.89,-3.398,22.607,0.0,2.708,19.209,1.15,-47.818,-0.2,1.782,-46.867,-1.123,-31.69,0.0,3.328,-32.814,-1.032,-32.284,0.0,2.59,-33.316,-5.435,-3.843,0.9881
Cefuroxime,7,-,0 0 0 0 0 0 0 0 0 0 0 0 0 0,0 0 0 0 0 0 0 0 0 0 0 0 0 0,0 0 0 0 0 0 0 0 0 0 0 0 0 0,0 0 0 0 0 0 0 0 0 0 0 0 0 0,0 1 1 0 0 0 0 0 0 0 0 0 0 0,0 1 0 0 0 0 0 0 0 0 0 0 0 0,0 0 0 0 0 0 0 0 0 0 0 0 0 0,0 0 0 0 0 0 0 0 0 0 0 0 0 0,0 0 0 0 0 0 0 0 0 0 0 0 0 0,1 0 0 0 0 0 0 0 0 1 0 0 0 0,0 0 0 0 0 0 0 0 0 0 0 0 0 0,0 1 1 0 0 0 0 0 0 0 0 0 0 0,CON=C(C(NC1C2N(C(C([O-])=O)=C(COC(N)=O)CS2)C1=O)=O)C3=CC=CO3,0,0,1,1,1,1,0 0 0 0 0 0 0 0 0 0 0 0 0 0 0 0 0 0 0 0 0 0 0 0 0 0 0 0 0 0 0 0 0 0 0 0 0 0 0 0 0 0 0 0 0 0 0 0 0 0 0 0 0 0 0 0 0 1 1 0 0 0 0 0 0 0 0 0 0 0 0 1 0 0 0 0 0 0 0 0 0 0 0 0 0 0 0 0 0 0 0 0 0 0 0 0 0 0 0 0 0 0 0 0 0 0 0 0 0 0 0 0 0 0 0 0 0 0 0 0 0 0 0 0 0 0 1 0 0 0 0 0 0 0 0 1 0 0 0 0 0 0 0 0 0 0 0 0 0 0 0 0 0 0 0 1 1 0 0 0 0 0 0 0 0 0 0 0,602,9,-3.189,-0.11,-0.338,-0.73,-3.189,0.0,-0.772,0.826,-31.49,-11.449,0.663,-0.614,-48.363,-42.939,13.613,-1.03,-44.547,-0.247,2.054,-45.824,-2.05,13.996,0.0,2.353,11.946,-1.834,19.165,0.0,2.886,17.331,0.45,-50.344,-0.3,1.857,-50.194,-1.653,-42.043,-0.066,2.268,-43.762,-0.03,-32.964,-0.16,1.862,-33.154,-5.878,-3.166,1.0
Piperacillin,5,-,0 0 0 0 0 0 0 0 0 0 0 0 0 0,0 0 0 0 0 0 0 0 0 0 0 0 0 0,0 0 0 0 0 0 0 0 0 0 0 0 0 0,0 0 0 0 0 0 0 0 0 0 0 0 0 0,0 0 0 0 0 0 0 0 0 0 0 0 0 0,0 0 0 0 0 0 0 0 0 0 0 0 0 0,0 0 0 0 0 0 0 0 0 0 0 0 0 0,0 0 0 0 0 0 0 0 0 0 0 0 0 0,0 0 0 0 0 0 0 0 0 0 0 0 0 0,0 0 0 0 0 0 0 0 0 0 0 0 0 0,0 0 0 0 0 0 0 0 0 0 0 0 0 0,0 1 1 0 0 0 0 0 0 0 0 0 0 0,CCN1CCN(C(NC(C(NC2C3N(C(C([O-])=O)C(C)(C)S3)C2=O)=O)C4=CC=CC=C4)=O)C(C1=O)=O,0,0,0,0,1,0,0 0 0 0 0 0 0 0 0 0 0 0 0 0 0 0 0 0 0 0 0 0 0 0 0 0 0 0 0 0 0 0 0 0 0 0 0 0 0 0 0 0 0 0 0 0 0 0 0 0 0 0 0 0 0 0 0 0 0 0 0 0 0 0 0 0 0 0 0 0 0 0 0 0 0 0 0 0 0 0 0 0 0 0 0 0 0 0 0 0 0 0 0 0 0 0 0 0 0 0 0 0 0 0 0 0 0 0 0 0 0 0 0 0 0 0 0 0 0 0 0 0 0 0 0 0 0 0 0 0 0 0 0 0 0 0 0 0 0 0 0 0 0 0 0 0 0 0 0 0 0 0 0 0 0 1 1 0 0 0 0 0 0 0 0 0 0 0,430,9,-4.293,-0.119,-0.394,-0.937,-4.293,-0.03,-0.79,0.003,-29.916,-11.313,0.462,-0.746,-62.562,-41.229,9.593,-2.962,-29.436,-0.025,2.387,-32.422,-0.654,16.327,0.0,4.203,15.673,-5.239,15.126,0.0,2.677,9.887,-2.867,-49.994,-0.263,1.848,-53.124,-0.653,-52.481,-0.207,1.878,-53.341,-1.257,-41.198,0.0,2.405,-42.455,-4.949,-4.261,0.994
Imipenem,216,±,0 0 0 0 1 0 0 0 0 0 0 0 0 0,0 0 0 0 1 0 0 0 0 0 0 0 0 0,0 0 0 0 0 0 0 0 0 0 0 0 0 0,0 0 0 0 0 0 0 0 0 0 0 0 0 0,0 0 0 0 0 0 0 0 0 1 0 0 0 0,0 0 0 0 0 0 0 0 0 0 0 0 0 0,0 0 0 0 0 0 0 0 0 0 0 0 0 0,0 0 0 0 0 0 0 0 0 0 0 0 0 0,0 0 0 0 0 0 0 0 0 0 0 0 0 1,0 0 0 0 0 0 0 0 0 0 0 0 0 0,0 0 0 0 0 0 0 0 0 0 0 0 0 0,0 0 0 0 0 0 0 0 0 0 0 0 0 0,CC(O)C1C2CC(SCCN=C[NH3+])=C(C([O-])=O)N2C1=O,1,0,0,0,0,1,0 0 0 0 1 0 0 0 0 0 0 0 0 0 0 0 0 0 1 0 0 0 0 0 0 0 0 0 0 0 0 0 0 0 0 0 0 0 0 0 0 0 0 0 0 0 0 0 0 0 0 0 0 0 0 0 0 0 0 0 0 0 0 0 0 1 0 0 0 0 0 0 0 0 0 0 0 0 0 0 0 0 0 0 0 0 0 0 0 0 0 0 0 0 0 0 0 0 0 0 0 0 0 0 0 0 0 0 0 0 0 0 0 0 0 0 0 0 0 0 0 0 0 0 0 1 0 0 0 0 0 0 0 0 0 0 0 0 0 0 0 0 0 0 0 0 0 0 0 0 0 0 0 0 0 0 0 0 0 0 0 0 0 0 0 0 0 0,38,7,-5.811,-0.291,-0.789,-1.454,-5.811,-0.348,-0.495,-1.89,-16.546,-19.518,1.025,-0.348,-64.395,-36.064,5.497,-1.112,-16.407,0.0,2.623,-17.519,-3.878,-12.763,-0.129,2.176,-16.77,4.101,-33.173,-0.193,1.585,-29.265,2.638,-26.47,-0.173,1.794,-24.005,-2.144,-15.378,0.0,2.18,-17.522,-0.251,-0.885,0.0,3.364,-1.137,-6.478,-4.577,0.9881
Cephaloridine,167,±,0 0 0 0 0 0 0 0 0 0 0 0 0 0,0 0 0 0 0 0 0 0 0 0 0 0 0 0,0 0 0 0 0 0 0 0 0 0 0 0 0 0,0 0 0 0 0 0 0 0 0 0 0 0 0 0,0 0 0 0 0 0 0 0 0 0 0 0 0 0,0 0 0 0 0 0 0 0 0 0 0 0 0 0,0 0 0 0 0 0 0 0 0 0 0 0 0 0,0 0 0 0 0 0 0 0 0 0 0 0 0 0,0 0 0 0 0 0 0 0 0 0 0 0 0 0,0 0 0 0 0 0 0 0 0 0 0 0 0 0,0 0 0 0 0 0 0 0 0 0 0 0 0 0,0 0 0 0 0 0 0 0 0 0 0 0 0 0,C1C(=C(N2C(S1)C(C2=O)NC(=O)CC3=CC=CS3)C(=O)[O-])C[N+]4=CC=CC=C4,0,0,0,0,0,0,0 0 0 0 0 0 0 0 0 0 0 0 0 0 0 0 0 0 0 0 0 0 0 0 0 0 0 0 0 0 0 0 0 0 0 0 0 0 0 0 0 0 0 0 0 0 0 0 0 0 0 0 0 0 0 0 0 0 0 0 0 0 0 0 0 0 0 0 0 0 0 0 0 0 0 0 0 0 0 0 0 0 0 0 0 0 0 0 0 0 0 0 0 0 0 0 0 0 0 0 0 0 0 0 0 0 0 0 0 0 0 0 0 0 0 0 0 0 0 0 0 0 0 0 0 0 0 0 0 0 0 0 0 0 0 0 0 0 0 0 0 0 0 0 0 0 0 0 0 0 0 0 0 0 0 0 0 0 0 0 0 0 0 0 0 0 0 0,253,7,-4.871,-0.174,-0.528,-1.124,-4.871,-0.511,-0.57,-0.576,-28.906,-13.105,0.572,-0.374,-64.347,-42.011,2.678,-1.946,-6.855,0.0,2.892,-8.801,-1.457,-2.816,0.0,2.351,-4.273,-1.906,-10.144,0.0,2.458,-12.05,-0.535,-25.622,-0.4,1.888,-26.557,-1.425,-15.017,-0.16,2.077,-16.602,-1.06,-16.085,-0.01,2.381,-17.155,-4.871,-3.572,0.9762
Cephalexin,129,±,0 0 0 0 1 0 0 0 0 0 0 0 0 0,0 0 0 0 0 0 0 0 0 0 0 0 0 0,0 0 0 0 1 0 0 0 0 0 0 0 0 0,0 0 0 0 0 0 0 0 0 0 0 0 0 0,0 0 0 0 0 0 0 0 0 0 0 0 0 0,0 0 0 0 0 0 0 0 0 0 0 0 0 0,0 0 0 0 0 0 0 0 0 0 0 0 0 0,0 0 0 0 0 0 0 0 0 0 0 0 0 0,0 0 0 0 0 0 0 0 0 0 0 0 0 0,0 1 0 0 0 0 0 0 0 0 0 0 0 0,0 0 0 0 0 0 0 0 0 0 0 0 0 0,0 0 0 0 0 0 0 0 0 0 0 0 0 0,CC1=C(C([O-])=O)N2C(SC1)C(NC(C([NH3+])C3=CC=CC=C3)=O)C2=O,1,0,0,1,0,0,0 0 0 0 1 0 0 0 0 0 0 0 0 0 0 0 0 0 0 0 0 0 0 0 0 0 0 0 0 0 0 0 1 0 0 0 0 0 0 0 0 0 0 0 0 0 0 0 0 0 0 0 0 0 0 0 0 0 0 0 0 0 0 0 0 0 0 0 0 0 0 0 0 0 0 0 0 0 0 0 0 0 0 0 0 0 0 0 0 0 0 0 0 0 0 0 0 0 0 0 0 0 0 0 0 0 0 0 0 0 0 0 0 0 0 0 0 0 0 0 0 0 0 0 0 0 0 1 0 0 0 0 0 0 0 0 0 0 0 0 0 0 0 0 0 0 0 0 0 0 0 0 0 0 0 0 0 0 0 0 0 0 0 0 0 0 0 0,8,5,-6.389,-0.266,-0.768,-1.529,-6.389,0.0,-0.845,-1.51,-19.047,-20.907,0.473,-0.419,-71.726,-39.954,5.451,-0.929,-16.293,0.0,2.547,-17.222,-3.849,-9.703,-0.32,1.901,-13.873,0.465,-29.182,-0.2,1.617,-28.917,-1.399,-20.554,-0.002,2.482,-21.956,-0.436,-14.41,-0.153,1.909,-14.999,-0.204,-0.137,0.0,5.319,-0.341,-6.621,-4.689,0.9881
Cefaclor,123,±,0 0 0 0 1 0 0 0 0 0 0 0 0 0,0 0 0 0 0 0 0 0 0 0 0 0 0 0,0 0 0 0 0 0 0 0 0 0 0 0 0 0,0 0 0 0 0 0 0 0 0 0 0 0 0 0,0 1 0 0 0 0 0 0 0 0 0 0 0 0,0 0 0 0 0 0 0 0 0 0 0 0 0 0,0 0 0 0 0 0 0 0 0 0 0 0 0 0,0 0 0 0 0 0 0 0 0 0 0 0 0 0,0 0 0 0 0 0 0 0 0 0 0 0 0 1,0 0 0 0 0 0 0 0 0 0 0 0 0 0,0 0 0 0 0 0 0 0 0 0 0 0 0 0,0 0 1 0 0 0 0 0 0 0 0 0 0 0,O=C1C(NC(C([NH3+])C2=CC=CC=C2)=O)C3N1C(C([O-])=O)=C(Cl)CS3,1,0,0,0,1,1,0 0 0 0 1 0 0 0 0 0 0 0 0 0 0 0 0 0 0 0 0 0 0 0 0 0 0 0 0 0 0 0 0 0 0 0 0 0 0 0 0 0 0 0 0 0 0 0 0 0 0 0 0 0 0 0 0 1 0 0 0 0 0 0 0 0 0 0 0 0 0 0 0 0 0 0 0 0 0 0 0 0 0 0 0 0 0 0 0 0 0 0 0 0 0 0 0 0 0 0 0 0 0 0 0 0 0 0 0 0 0 0 0 0 0 0 0 0 0 0 0 0 0 0 0 1 0 0 0 0 0 0 0 0 0 0 0 0 0 0 0 0 0 0 0 0 0 0 0 0 0 0 0 0 0 0 1 0 0 0 0 0 0 0 0 0 0 0,147,5,-5.221,-0.218,-0.627,-1.25,-5.221,0.0,-0.703,-0.994,-19.799,-17.3,0.427,-0.367,-63.237,-37.099,1.88,-1.136,-15.308,-0.086,2.19,-16.53,-3.14,-7.063,0.0,2.208,-10.203,-0.173,-27.585,-0.2,1.703,-27.958,-1.78,-22.632,-0.217,2.023,-24.628,-2.393,-13.773,0.0,2.652,-16.166,-0.312,1.747,0.0,3.805,1.436,-6.145,-4.724,0.9762
Cephaloglycin,87,±,0 0 0 1 1 0 0 0 0 0 0 0 0 0,0 0 0 0 0 0 0 0 0 0 0 0 0 0,0 0 0 0 1 0 0 0 0 0 0 0 0 0,0 0 0 0 0 0 0 0 0 0 0 0 0 0,0 0 1 0 0 0 0 0 0 0 0 0 0 0,0 1 0 0 0 0 0 0 0 0 0 0 0 0,0 0 0 0 0 0 0 0 0 0 0 0 0 1,0 0 0 0 0 0 0 0 0 0 0 0 0 0,0 0 0 0 0 0 0 0 0 0 0 0 0 0,0 0 0 0 0 0 0 0 0 0 0 0 0 0,0 0 0 0 0 0 0 0 0 0 0 0 0 0,0 1 0 0 0 0 0 0 0 0 0 0 0 0,CC(OCC1=C(C([O-])=O)N2C(SC1)C(NC(C([NH3+])C3=CC=CC=C3)=O)C2=O)=O,1,0,1,0,1,1,0 0 0 1 1 0 0 0 0 0 0 0 0 0 0 0 0 0 0 0 0 0 0 0 0 0 0 0 0 0 0 0 1 0 0 0 0 0 0 0 0 0 0 0 0 0 0 0 0 0 0 0 0 0 0 0 0 0 1 0 0 0 0 0 0 0 0 0 0 0 0 1 0 0 0 0 0 0 0 0 0 0 0 0 0 0 0 0 0 0 0 0 0 0 0 0 0 1 0 0 0 0 0 0 0 0 0 0 0 0 0 0 0 0 0 0 0 0 0 0 0 0 0 0 0 0 0 0 0 0 0 0 0 0 0 0 0 0 0 0 0 0 0 0 0 0 0 0 0 0 0 0 0 0 0 1 0 0 0 0 0 0 0 0 0 0 0 0,17,8,-6.091,-0.218,-0.661,-1.406,-6.091,0.0,-0.987,-0.645,-19.003,-23.218,0.598,-0.625,-76.413,-42.221,4.339,-1.587,-9.121,-0.063,2.342,-10.771,-3.486,-3.763,0.0,2.208,-7.249,1.542,-36.221,-0.341,1.615,-35.019,0.317,-19.761,-0.16,1.78,-19.604,-0.643,-25.486,-0.197,2.115,-26.326,-0.318,-32.247,-0.225,1.872,-32.79,-6.712,-5.397,0.994
BL-S217,84,±,0 0 0 0 0 0 0 0 0 0 0 0 0 0,0 0 0 0 0 0 0 0 0 0 0 0 0 0,0 0 0 0 0 0 0 0 0 0 0 0 0 0,0 0 0 0 0 0 0 0 0 0 0 0 0 0,0 0 0 0 0 0 0 0 0 0 0 0 0 0,0 1 0 0 0 0 0 0 0 0 0 0 0 0,0 0 0 0 0 0 0 0 0 0 0 0 0 1,0 0 0 0 0 0 0 0 0 0 0 0 0 0,0 0 0 0 0 0 0 0 0 0 0 0 0 0,0 1 1 0 0 0 0 0 0 0 0 0 0 0,0 0 0 0 0 0 0 0 0 0 0 0 0 0,0 0 0 0 0 0 1 0 0 1 0 0 0 0,O=C1C(NC(CSC2=CC=[N+](C=C2)C)=O)C3N1C(C([O-])=O)=C(COC(C)=O)CS3,0,0,1,1,1,0,0 0 0 0 0 0 0 0 0 0 0 0 0 0 0 0 0 0 0 0 0 0 0 0 0 0 0 0 0 0 0 0 0 0 0 0 0 0 0 0 0 0 0 0 0 0 0 0 0 0 0 0 0 0 0 0 0 0 0 0 0 0 0 0 0 0 0 0 0 0 0 1 0 0 0 0 0 0 0 0 0 0 0 0 0 0 0 0 0 0 0 0 0 0 0 0 0 1 0 0 0 0 0 0 0 0 0 0 0 0 0 0 0 0 0 0 0 0 0 0 0 0 0 0 0 0 0 1 1 0 0 0 0 0 0 0 0 0 0 0 0 0 0 0 0 0 0 0 0 0 0 0 0 0 0 0 0 0 0 0 1 0 0 1 0 0 0 0,140,9,-5.244,-0.181,-0.556,-1.201,-5.244,-0.37,-0.793,-0.426,-28.239,-17.142,0.729,-0.401,-71.863,-45.381,4.837,-1.365,-25.143,-0.16,2.007,-26.668,-2.805,4.42,0.0,2.814,1.615,-2.74,0.426,0.0,2.227,-2.314,-0.74,-32.25,-0.256,1.931,-33.246,1.183,-33.605,-0.262,1.768,-32.685,-1.198,-17.924,-0.115,2.195,-19.237,-5.587,-1.675,0.9881
Ampicillin,46,±,0 0 0 0 1 0 0 0 0 0 0 0 0 0,0 0 0 0 0 0 0 0 0 0 0 0 0 0,0 0 0 0 0 0 0 0 0 0 0 0 0 0,0 0 0 0 0 0 0 0 0 0 0 0 0 0,0 0 0 0 0 0 0 0 0 0 0 0 0 0,0 0 0 0 0 0 0 0 0 0 0 0 0 0,0 0 0 0 0 0 0 0 0 0 0 0 0 0,0 0 0 0 0 0 0 0 0 0 0 0 0 0,0 0 0 0 0 0 0 0 0 0 0 0 0 0,0 0 0 0 0 0 0 0 0 0 0 0 0 0,0 0 0 0 0 0 0 0 0 0 0 0 0 0,0 0 1 0 0 0 0 0 0 0 0 0 0 0,CC1(C)C(C([O-])=O)N2C(C(NC(C([NH3+])C3=CC=CC=C3)=O)C2=O)S1,1,0,0,0,1,0,0 0 0 0 1 0 0 0 0 0 0 0 0 0 0 0 0 0 0 0 0 0 0 0 0 0 0 0 0 0 0 0 0 0 0 0 0 0 0 0 0 0 0 0 0 0 0 0 0 0 0 0 0 0 0 0 0 0 0 0 0 0 0 0 0 0 0 0 0 0 0 0 0 0 0 0 0 0 0 0 0 0 0 0 0 0 0 0 0 0 0 0 0 0 0 0 0 0 0 0 0 0 0 0 0 0 0 0 0 0 0 0 0 0 0 0 0 0 0 0 0 0 0 0 0 0 0 0 0 0 0 0 0 0 0 0 0 0 0 0 0 0 0 0 0 0 0 0 0 0 0 0 0 0 0 0 1 0 0 0 0 0 0 0 0 0 0 0,263,5,-4.846,-0.202,-0.582,-1.16,-4.846,0.0,-0.396,-1.026,-17.89,-16.588,0.468,-0.51,-57.11,-34.478,3.04,-1.465,-7.11,0.0,2.805,-8.575,-3.095,-8.842,0.0,2.968,-11.938,-1.832,-28.894,-0.201,1.702,-30.928,-1.06,-15.118,-0.136,2.086,-16.315,-1.575,-17.5,-0.021,2.389,-19.095,-0.136,-22.087,-0.037,2.236,-22.259,-6.411,-4.686,0.9881
Cyclacillin,40,±,0 0 0 0 1 0 0 0 0 0 0 0 0 0,0 0 0 0 0 0 0 0 0 0 0 0 0 0,0 0 0 0 0 0 0 0 0 0 0 0 0 0,0 0 0 0 0 0 0 0 0 0 0 0 0 0,0 0 1 0 0 0 0 0 0 0 0 0 0 0,0 0 0 0 0 0 0 0 0 0 0 0 0 0,0 0 0 0 0 0 0 0 0 0 0 0 0 0,0 0 0 0 0 0 0 0 0 0 0 0 0 0,0 0 0 0 0 0 0 0 0 0 0 0 0 0,0 0 0 0 0 0 0 0 0 0 0 0 0 0,0 0 0 0 0 0 0 0 0 0 0 0 0 0,0 1 1 0 0 0 0 0 0 0 0 0 0 0,CC1(C)C(C([O-])=O)N2C(C(NC(C3([NH3+])CCCCC3)=O)C2=O)S1,1,0,0,0,1,1,0 0 0 0 1 0 0 0 0 0 0 0 0 0 0 0 0 0 0 0 0 0 0 0 0 0 0 0 0 0 0 0 0 0 0 0 0 0 0 0 0 0 0 0 0 0 0 0 0 0 0 0 0 0 0 0 0 0 1 0 0 0 0 0 0 0 0 0 0 0 0 0 0 0 0 0 0 0 0 0 0 0 0 0 0 0 0 0 0 0 0 0 0 0 0 0 0 0 0 0 0 0 0 0 0 0 0 0 0 0 0 0 0 0 0 0 0 0 0 0 0 0 0 0 0 0 0 0 0 0 0 0 0 0 0 0 0 0 0 0 0 0 0 0 0 0 0 0 0 0 0 0 0 0 0 1 1 0 0 0 0 0 0 0 0 0 0 0,180,4,-5.098,-0.222,-0.63,-1.233,-5.098,0.0,-0.458,-1.081,-23.276,-16.262,0.488,-0.443,-63.829,-39.538,2.707,-2.122,-15.218,-0.077,2.238,-17.417,-3.033,-9.804,0.0,2.366,-12.837,-3.159,-26.601,-0.102,2.147,-29.862,-1.12,-11.323,-0.137,2.158,-12.58,-0.583,-4.523,0.0,3.628,-5.106,-0.161,2.587,0.0,4.325,2.426,-5.967,-4.444,0.9881
Moxalactam,34,- - ,0 0 0 0 0 0 0 0 0 0 0 0 0 0,0 0 0 0 0 0 0 0 0 0 0 0 0 0,0 0 0 0 0 0 0 0 0 0 0 0 0 0,0 0 0 0 0 0 0 0 0 0 0 0 0 0,0 1 1 0 0 0 0 0 0 0 0 0 0 0,0 0 0 0 0 0 0 0 0 0 0 0 0 0,0 0 0 0 0 0 0 0 0 0 0 0 0 0,0 0 0 0 0 0 0 0 0 0 0 0 0 0,0 0 0 0 0 0 0 0 0 0 0 0 0 0,0 0 0 0 0 0 1 0 0 0 0 0 0 0,0 0 0 0 0 0 0 0 0 0 0 0 0 0,0 0 1 0 0 0 0 0 0 0 0 0 0 0,CN1C(SCC2=C(N3C(C(OC)(C3=O)NC(C(C4=CC=C(C=C4)O)C([O-])=O)=O)OC2)C([O-])=O)=NN=N1,0,0,0,1,1,1,0 0 0 0 0 0 0 0 0 0 0 0 0 0 0 0 0 0 0 0 0 0 0 0 0 0 0 0 0 0 0 0 0 0 0 0 0 0 0 0 0 0 0 0 0 0 0 0 0 0 0 0 0 0 0 0 0 1 1 0 0 0 0 0 0 0 0 0 0 0 0 0 0 0 0 0 0 0 0 0 0 0 0 0 0 0 0 0 0 0 0 0 0 0 0 0 0 0 0 0 0 0 0 0 0 0 0 0 0 0 0 0 0 0 0 0 0 0 0 0 0 0 0 0 0 0 0 0 0 0 0 0 1 0 0 0 0 0 0 0 0 0 0 0 0 0 0 0 0 0 0 0 0 0 0 0 1 0 0 0 0 0 0 0 0 0 0 0,337,11,-4.593,-0.128,-0.421,-1.002,-4.593,0.0,-0.791,0.0,-34.243,-10.917,0.535,-0.987,-69.601,-45.161,7.699,0.823,-63.71,-0.256,1.956,-63.143,-4.593,33.946,0.0,2.099,29.353,-3.149,37.279,0.0,2.219,34.129,-1.137,-61.298,-0.177,1.885,-62.613,-0.663,-62.999,-0.23,2.029,-63.891,-1.131,-52.703,0.0,2.625,-53.835,-5.752,-4.428,0.994
Aztreonam,22,- - ,0 0 0 0 0 0 0 0 0 0 0 0 0 0,0 0 0 0 0 0 0 0 0 0 0 0 0 0,0 0 0 0 0 0 0 0 0 0 0 0 0 0,0 0 0 0 0 0 0 0 0 0 0 0 0 0,0 1 0 0 0 0 0 0 0 0 0 0 0 0,0 0 0 0 0 0 0 0 0 0 0 0 0 0,0 0 0 0 0 0 0 0 0 0 0 0 0 0,0 0 0 0 0 0 0 0 0 0 0 0 0 0,0 0 0 0 0 0 0 0 0 0 0 0 0 0,0 0 0 0 0 0 0 0 0 0 0 0 0 0,0 0 0 0 0 0 0 0 0 0 0 0 0 0,0 1 1 0 0 0 0 0 0 0 0 0 0 0,CC1C(NC(C(C2=CSC(N)=N2)=NOC(C)(C([O-])=O)C)=O)C(N1S(=O)([O-])=O)=O,0,0,0,0,1,1,0 0 0 0 0 0 0 0 0 0 0 0 0 0 0 0 0 0 0 0 0 0 0 0 0 0 0 0 0 0 0 0 0 0 0 0 0 0 0 0 0 0 0 0 0 0 0 0 0 0 0 0 0 0 0 0 0 1 0 0 0 0 0 0 0 0 0 0 0 0 0 0 0 0 0 0 0 0 0 0 0 0 0 0 0 0 0 0 0 0 0 0 0 0 0 0 0 0 0 0 0 0 0 0 0 0 0 0 0 0 0 0 0 0 0 0 0 0 0 0 0 0 0 0 0 0 0 0 0 0 0 0 0 0 0 0 0 0 0 0 0 0 0 0 0 0 0 0 0 0 0 0 0 0 0 1 1 0 0 0 0 0 0 0 0 0 0 0,410,8,-4.395,-0.157,-0.477,-1.015,-4.395,0.0,-1.055,-0.454,-20.661,-11.388,0.636,-0.781,-55.314,-32.049,5.8,-1.136,-75.664,-0.295,1.846,-77.095,-2.449,33.07,-0.13,2.184,30.491,-2.032,34.718,0.0,2.808,32.685,-1.418,-70.242,-0.281,1.959,-71.941,0.092,-66.361,-0.349,1.906,-66.618,-0.703,-47.565,0.0,3.101,-48.269,-5.241,-3.441,0.9881
Ceftriaxone,20,- - ,0 0 0 1 0 0 0 0 0 0 0 0 0 0,0 0 0 0 0 0 0 0 0 0 0 0 0 0,0 0 0 0 0 0 0 0 0 0 0 0 0 0,0 0 0 0 0 0 0 0 0 0 0 0 0 0,0 1 0 0 0 0 0 0 0 1 0 0 0 0,0 0 0 0 0 0 0 0 0 0 0 0 0 0,0 0 0 0 0 0 0 0 0 0 0 0 0 0,0 0 0 0 0 0 0 0 0 0 0 0 0 0,0 0 0 0 0 0 0 0 0 0 0 0 0 0,0 1 0 0 0 0 0 0 0 0 0 0 0 0,0 0 0 0 0 0 0 0 0 0 0 0 0 0,0 0 1 0 0 0 0 0 0 0 0 0 0 0,CN1C(SCC2=C(C([O-])=O)N3C(SC2)C(NC(C(C4=CSC(N)=N4)=NOC)=O)C3=O)=NC(C([O-])=N1)=O,1,0,0,1,1,1,0 0 0 1 0 0 0 0 0 0 0 0 0 0 0 0 0 0 0 0 0 0 0 0 0 0 0 0 0 0 0 0 0 0 0 0 0 0 0 0 0 0 0 0 0 0 0 0 0 0 0 0 0 0 0 0 0 1 0 0 0 0 0 0 0 1 0 0 0 0 0 0 0 0 0 0 0 0 0 0 0 0 0 0 0 0 0 0 0 0 0 0 0 0 0 0 0 0 0 0 0 0 0 0 0 0 0 0 0 0 0 0 0 0 0 0 0 0 0 0 0 0 0 0 0 0 0 1 0 0 0 0 0 0 0 0 0 0 0 0 0 0 0 0 0 0 0 0 0 0 0 0 0 0 0 0 1 0 0 0 0 0 0 0 0 0 0 0,451,9,-4.207,-0.117,-0.386,-0.918,-4.207,0.0,-1.069,0.872,-34.266,-13.803,0.472,-0.698,-70.155,-48.069,7.304,-0.441,-71.643,-0.118,2.086,-72.201,-5.188,41.129,0.0,2.49,35.941,2.702,26.678,-0.45,1.757,28.93,-0.682,-66.881,-0.2,1.87,-67.763,-1.16,-55.932,-0.151,1.974,-57.244,-1.215,-40.928,0.0,2.504,-42.143,-5.977,-3.462,1.0
Sulbenicillin,5,- - ,0 0 0 0 0 0 0 0 0 0 0 0 0 0,0 0 0 0 0 0 0 0 0 0 0 0 0 0,0 0 0 0 0 0 0 0 0 0 0 0 0 0,0 0 0 0 0 0 0 0 0 0 0 0 0 0,0 0 0 0 0 0 0 0 0 0 0 0 0 0,0 0 0 0 0 0 0 0 0 0 0 0 0 0,0 0 0 0 0 0 0 0 0 0 0 0 0 0,0 0 0 0 0 0 0 0 0 0 0 0 0 0,0 0 0 0 0 0 0 0 0 0 0 0 0 0,0 0 1 0 0 0 0 0 0 0 0 0 0 0,0 0 0 0 0 0 0 0 0 0 0 0 0 0,0 0 1 0 0 0 0 0 0 0 0 0 0 0,CC1(C)C(C([O-])=O)N2C(C(NC(C(S(=O)([O-])=O)C3=CC=CC=C3)=O)C2=O)S1,0,0,0,1,1,0,0 0 0 0 0 0 0 0 0 0 0 0 0 0 0 0 0 0 0 0 0 0 0 0 0 0 0 0 0 0 0 0 0 0 0 0 0 0 0 0 0 0 0 0 0 0 0 0 0 0 0 0 0 0 0 0 0 0 0 0 0 0 0 0 0 0 0 0 0 0 0 0 0 0 0 0 0 0 0 0 0 0 0 0 0 0 0 0 0 0 0 0 0 0 0 0 0 0 0 0 0 0 0 0 0 0 0 0 0 0 0 0 0 0 0 0 0 0 0 0 0 0 0 0 0 0 0 0 1 0 0 0 0 0 0 0 0 0 0 0 0 0 0 0 0 0 0 0 0 0 0 0 0 0 0 0 1 0 0 0 0 0 0 0 0 0 0 0,603,6,-3.186,-0.118,-0.354,-0.742,-3.186,0.0,-0.353,-0.595,-21.159,-6.47,0.348,-0.558,-42.505,-27.629,1.356,0.301,-61.446,0.0,1.811,-61.145,-4.465,38.174,0.0,2.108,33.709,-1.831,41.797,0.0,3.654,39.965,-1.4,-66.002,-0.16,1.824,-67.562,-1.22,-57.906,-0.16,1.906,-59.286,0.093,-59.103,-0.033,2.229,-59.042,-4.487,-3.091,0.994
Carbenicillin,5,- - ,0 0 0 0 0 0 0 0 0 0 0 0 0 0,0 0 0 0 0 0 0 0 0 0 0 0 0 0,0 0 0 0 0 0 0 0 0 0 0 0 0 0,0 0 0 0 0 0 0 0 0 0 0 0 0 0,0 1 0 0 0 0 0 0 0 0 0 0 0 0,0 0 0 0 0 0 0 0 0 0 0 0 0 0,0 0 0 0 0 0 0 0 0 0 0 0 0 0,0 0 0 0 0 0 0 0 0 0 0 0 0 0,0 0 0 0 0 0 0 0 0 0 0 0 0 0,0 0 0 0 0 0 0 0 0 0 0 0 0 0,0 0 0 0 0 0 0 0 0 0 0 0 0 0,0 0 1 0 0 0 0 0 0 0 0 0 0 0,CC1(C)C(C([O-])=O)N2C(C(NC(C(C([O-])=O)C3=CC=CC=C3)=O)C2=O)S1,0,0,0,0,1,1,0 0 0 0 0 0 0 0 0 0 0 0 0 0 0 0 0 0 0 0 0 0 0 0 0 0 0 0 0 0 0 0 0 0 0 0 0 0 0 0 0 0 0 0 0 0 0 0 0 0 0 0 0 0 0 0 0 1 0 0 0 0 0 0 0 0 0 0 0 0 0 0 0 0 0 0 0 0 0 0 0 0 0 0 0 0 0 0 0 0 0 0 0 0 0 0 0 0 0 0 0 0 0 0 0 0 0 0 0 0 0 0 0 0 0 0 0 0 0 0 0 0 0 0 0 0 0 0 0 0 0 0 0 0 0 0 0 0 0 0 0 0 0 0 0 0 0 0 0 0 0 0 0 0 0 0 1 0 0 0 0 0 0 0 0 0 0 0,434,6,-4.281,-0.165,-0.488,-1.005,-4.281,-0.635,-0.437,-0.825,-24.723,-7.533,0.41,-0.428,-52.824,-32.256,2.532,-0.809,-51.217,-0.008,2.434,-52.034,-3.952,44.505,0.0,2.986,40.554,-1.986,42.178,0.0,2.274,40.192,3.296,-64.371,-0.19,1.579,-61.265,-0.956,-59.738,-0.137,1.945,-60.831,-0.318,-81.179,-0.103,2.03,-81.599,-4.281,-2.801,0.9762
Cephalosporin C,72,+ - -,0 0 0 0 1 1 0 0 0 1 0 0 0 0,0 0 0 0 0 0 0 0 0 0 0 0 0 0,0 0 0 0 0 0 0 0 0 0 0 0 0 0,0 0 0 0 0 0 0 0 0 0 0 0 0 0,0 0 0 0 0 0 0 0 0 0 0 0 0 0,0 0 0 0 0 0 0 0 0 0 0 0 0 0,0 0 0 0 0 0 0 0 0 0 0 0 0 0,0 0 0 0 0 0 0 0 0 0 0 0 0 1,0 0 0 0 0 0 0 0 0 0 0 0 0 1,0 1 0 0 0 0 0 0 0 0 0 0 0 0,0 1 0 0 0 0 0 0 0 0 0 0 0 0,1 0 0 0 0 0 0 0 0 1 0 0 0 0,O=COCC1=C(C([O-])=O)N2C(SC1)C(NC(CCCC([NH3+])C([O-])=O)=O)C2=O,1,0,0,1,1,0,0 0 0 0 1 1 0 0 0 1 0 0 0 0 0 0 0 0 0 0 0 0 0 0 0 0 0 0 0 0 0 0 0 0 0 0 0 0 0 0 0 0 0 0 0 0 0 0 0 0 0 0 0 0 0 0 0 0 0 0 0 0 0 0 0 0 0 0 0 0 0 0 0 0 0 0 0 0 0 0 0 0 0 0 0 0 0 0 0 0 0 0 0 0 0 0 0 0 0 0 0 0 0 0 0 0 0 0 0 0 0 1 0 0 0 0 0 0 0 0 0 0 0 0 0 1 0 1 0 0 0 0 0 0 0 0 0 0 0 0 0 1 0 0 0 0 0 0 0 0 0 0 0 0 1 0 0 0 0 0 0 0 0 1 0 0 0 0,251,11,-4.872,-0.18,-0.541,-1.134,-4.872,-0.296,-1.079,-0.66,-21.234,-14.589,0.978,-0.565,-61.673,-35.823,9.854,1.399,-44.382,-0.2,1.794,-43.182,-3.174,10.832,-0.011,2.292,7.647,0.697,-8.266,-0.215,2.139,-7.784,-0.245,-48.093,-0.296,2.001,-48.633,-1.58,-37.515,-0.156,1.969,-39.251,-0.329,-19.76,0.0,3.975,-20.089,-5.324,-2.593,0.9881
Penicillin N,56,+ - -,0 0 0 0 0 0 0 0 0 1 0 0 0 0,0 0 0 0 0 0 0 0 0 0 0 0 0 0,0 0 0 0 0 0 0 0 0 0 0 0 0 0,0 0 0 0 0 0 0 0 0 0 0 0 0 0,0 1 0 0 0 0 0 0 0 0 0 0 0 0,0 0 0 0 0 0 0 0 0 0 0 0 0 0,0 0 0 0 0 0 0 0 0 0 0 0 0 0,0 0 0 0 0 0 0 0 0 0 0 0 0 0,0 0 0 0 0 0 0 0 0 0 0 0 0 0,0 0 0 0 0 0 0 0 0 0 0 0 0 0,0 0 0 0 0 0 0 0 0 0 0 0 0 0,0 0 0 0 0 0 0 0 0 0 0 0 0 0,CC1(C(N2C(S1)C(C2=O)NC(CCCC(C([O-])=O)[NH3+])=O)C([O-])=O)C,1,0,0,0,0,1,0 0 0 0 0 0 0 0 0 1 0 0 0 0 0 0 0 0 0 0 0 0 0 0 0 0 0 0 0 0 0 0 0 0 0 0 0 0 0 0 0 0 0 0 0 0 0 0 0 0 0 0 0 0 0 0 0 1 0 0 0 0 0 0 0 0 0 0 0 0 0 0 0 0 0 0 0 0 0 0 0 0 0 0 0 0 0 0 0 0 0 0 0 0 0 0 0 0 0 0 0 0 0 0 0 0 0 0 0 0 0 0 0 0 0 0 0 0 0 0 0 0 0 0 0 0 0 0 0 0 0 0 0 0 0 0 0 0 0 0 0 0 0 0 0 0 0 0 0 0 0 0 0 0 0 0 0 0 0 0 0 0 0 0 0 0 0 0,457,8,-4.192,-0.175,-0.504,-1.003,-4.192,0.0,-0.897,-0.965,-14.955,-13.891,0.895,-0.394,-48.262,-28.846,6.158,-1.515,-40.822,-0.102,1.767,-42.438,-0.417,11.095,0.0,3.689,10.678,-2.195,-2.374,-0.033,2.435,-4.602,-1.019,-38.001,-0.2,2.042,-39.22,-0.725,-26.537,0.0,3.237,-27.262,-0.095,-14.415,0.0,4.915,-14.51,-5.03,-3.611,0.9821
Cefsulodin,37,+ - -,0 0 0 0 0 0 0 0 0 0 0 0 0 0,0 0 0 0 0 0 0 0 0 0 0 0 0 0,0 0 0 0 0 0 0 0 0 0 0 0 0 0,0 0 0 0 0 0 0 0 0 0 0 0 0 0,0 1 0 0 0 0 0 0 0 0 0 0 0 0,0 0 0 0 0 0 0 0 0 0 0 0 0 0,0 0 0 0 0 0 0 0 0 0 0 0 0 0,0 0 0 0 0 0 0 0 0 0 0 0 0 0,0 0 0 0 0 0 0 0 0 0 0 0 0 0,0 0 1 0 0 0 1 0 0 0 0 0 0 0,0 0 0 0 0 0 0 0 0 0 0 0 0 0,0 1 1 0 0 0 0 0 0 0 0 0 0 0,O=C1C(C2N1C(C([O-])=O)=C(CS2)C[N+]3=CC=C(C=C3)C(N)=O)NC(C(C4=CC=CC=C4)S(=O)([O-])=O)=O,0,0,0,1,1,1,0 0 0 0 0 0 0 0 0 0 0 0 0 0 0 0 0 0 0 0 0 0 0 0 0 0 0 0 0 0 0 0 0 0 0 0 0 0 0 0 0 0 0 0 0 0 0 0 0 0 0 0 0 0 0 0 0 1 0 0 0 0 0 0 0 0 0 0 0 0 0 0 0 0 0 0 0 0 0 0 0 0 0 0 0 0 0 0 0 0 0 0 0 0 0 0 0 0 0 0 0 0 0 0 0 0 0 0 0 0 0 0 0 0 0 0 0 0 0 0 0 0 0 0 0 0 0 0 1 0 0 0 1 0 0 0 0 0 0 0 0 0 0 0 0 0 0 0 0 0 0 0 0 0 0 1 1 0 0 0 0 0 0 0 0 0 0 0,163,9,-5.161,-0.143,-0.473,-1.126,-5.161,0.0,-1.047,-0.024,-25.162,-17.661,0.365,-0.548,-72.779,-42.823,7.995,-0.116,-39.397,-0.2,1.788,-39.713,-3.441,2.658,0.0,2.536,-0.783,-2.031,13.126,0.0,2.181,11.095,-2.64,-47.114,-0.2,1.789,-49.953,-1.683,-50.872,-0.351,1.832,-52.906,-1.559,-44.625,-0.006,2.376,-46.19,-5.927,-4.4,0.9821
SCE-796,34,+ - -,0 0 0 0 0 0 0 0 0 0 0 0 0 0,0 0 0 0 0 0 0 0 0 0 0 0 0 0,0 0 0 0 0 0 0 0 0 0 0 0 0 0,0 0 0 0 0 0 0 0 0 0 0 0 0 0,0 0 0 0 0 0 0 0 0 1 0 0 0 0,0 0 0 0 0 0 0 0 0 0 0 0 0 0,0 0 0 0 0 0 0 0 0 0 0 0 0 0,0 0 0 0 0 0 0 0 0 0 0 0 0 0,0 0 0 0 0 0 0 0 0 0 0 0 0 0,0 0 0 0 0 0 0 0 0 0 0 0 0 0,0 0 0 0 0 0 0 0 0 0 0 0 0 0,0 0 0 0 0 0 0 0 0 0 0 0 0 0,O=C1C(NC(C(C([O-])=O)C2=CC=CC=C2)=O)C3N1C(C([O-])=O)=C(C[N+]4=CC=C(C(N)=O)C=C4)CS3,0,0,0,0,0,1,0 0 0 0 0 0 0 0 0 0 0 0 0 0 0 0 0 0 0 0 0 0 0 0 0 0 0 0 0 0 0 0 0 0 0 0 0 0 0 0 0 0 0 0 0 0 0 0 0 0 0 0 0 0 0 0 0 0 0 0 0 0 0 0 0 1 0 0 0 0 0 0 0 0 0 0 0 0 0 0 0 0 0 0 0 0 0 0 0 0 0 0 0 0 0 0 0 0 0 0 0 0 0 0 0 0 0 0 0 0 0 0 0 0 0 0 0 0 0 0 0 0 0 0 0 0 0 0 0 0 0 0 0 0 0 0 0 0 0 0 0 0 0 0 0 0 0 0 0 0 0 0 0 0 0 0 0 0 0 0 0 0 0 0 0 0 0 0,134,9,-5.269,-0.151,-0.492,-1.157,-5.269,0.0,-1.075,-0.029,-28.711,-17.856,0.415,-0.466,-81.823,-46.567,2.456,-0.59,-43.797,-0.2,1.785,-44.588,-1.831,7.742,0.0,2.425,5.911,-2.766,0.855,0.0,2.292,-1.911,-0.993,-37.593,-0.2,1.919,-38.786,-0.721,-23.678,0.0,3.423,-24.399,-0.448,-15.448,0.0,3.224,-15.897,-5.269,-4.153,0.9821
Nocardicin B,33,+ - -,0 0 0 0 1 0 0 0 0 1 0 0 0 0,0 0 0 0 0 0 0 0 0 0 0 0 0 0,0 0 0 0 0 0 0 0 0 0 0 0 0 0,0 0 0 0 0 0 0 0 0 0 0 0 0 0,0 0 0 0 0 0 0 0 0 1 0 0 0 0,0 0 0 0 0 0 0 0 0 0 0 0 0 0,0 0 0 0 0 0 0 0 0 0 0 0 0 0,0 0 0 0 0 0 0 0 0 0 0 0 0 0,0 0 0 0 0 0 0 0 0 0 0 0 0 0,0 0 0 0 0 0 0 0 0 0 0 0 0 0,0 0 0 0 0 0 0 0 0 0 0 0 0 0,0 0 0 0 0 0 0 0 0 0 0 0 0 0,O=C1C(NC(C(C2=CC=C(OCCC([NH3+])C([O-])=O)C=C2)=NO)=O)CN1C(C([O-])=O)C3=CC=C(O)C=C3,1,0,0,0,0,1,0 0 0 0 1 0 0 0 0 1 0 0 0 0 0 0 0 0 0 0 0 0 0 0 0 0 0 0 0 0 0 0 0 0 0 0 0 0 0 0 0 0 0 0 0 0 0 0 0 0 0 0 0 0 0 0 0 0 0 0 0 0 0 0 0 1 0 0 0 0 0 0 0 0 0 0 0 0 0 0 0 0 0 0 0 0 0 0 0 0 0 0 0 0 0 0 0 0 0 0 0 0 0 0 0 0 0 0 0 0 0 0 0 0 0 0 0 0 0 0 0 0 0 0 0 0 0 0 0 0 0 0 0 0 0 0 0 0 0 0 0 0 0 0 0 0 0 0 0 0 0 0 0 0 0 0 0 0 0 0 0 0 0 0 0 0 0 0,432,14,-4.286,-0.119,-0.393,-0.935,-4.286,0.0,-1.016,-0.004,-31.001,-14.565,0.9,-0.432,-67.472,-45.566,12.53,-2.901,-33.575,0.0,2.169,-36.476,-1.424,13.221,0.0,2.912,11.797,-1.004,-12.721,-0.095,2.274,-13.82,0.197,-43.971,-0.4,1.884,-44.175,-1.127,-26.919,0.0,2.724,-28.047,-0.097,-13.447,0.0,5.602,-13.544,-5.456,-2.757,0.9821
Nocardicin A,23,+ - -,0 0 0 0 1 0 0 0 0 1 0 0 0 0,0 0 0 0 0 0 0 0 0 0 0 0 0 0,0 0 0 0 0 0 0 0 0 0 0 0 0 0,0 0 0 0 0 0 0 0 0 0 0 0 0 0,0 0 0 0 0 0 0 0 0 1 0 0 0 0,0 0 0 0 0 0 0 0 0 0 0 0 0 0,0 0 0 0 0 0 0 0 0 0 0 0 0 0,0 0 0 0 0 0 0 0 0 0 0 0 0 0,0 0 0 0 0 0 0 0 0 0 0 0 0 0,0 0 0 0 0 0 0 0 0 0 0 0 0 0,0 0 0 0 0 0 0 0 0 0 0 0 0 0,0 0 0 0 0 0 0 0 0 0 0 0 0 0,O=C1C(NC(C(C2=CC=C(OCCC([NH3+])C([O-])=O)C=C2)=NO)=O)CN1C(C([O-])=O)C3=CC=C(O)C=C3,1,0,0,0,0,1,0 0 0 0 1 0 0 0 0 1 0 0 0 0 0 0 0 0 0 0 0 0 0 0 0 0 0 0 0 0 0 0 0 0 0 0 0 0 0 0 0 0 0 0 0 0 0 0 0 0 0 0 0 0 0 0 0 0 0 0 0 0 0 0 0 1 0 0 0 0 0 0 0 0 0 0 0 0 0 0 0 0 0 0 0 0 0 0 0 0 0 0 0 0 0 0 0 0 0 0 0 0 0 0 0 0 0 0 0 0 0 0 0 0 0 0 0 0 0 0 0 0 0 0 0 0 0 0 0 0 0 0 0 0 0 0 0 0 0 0 0 0 0 0 0 0 0 0 0 0 0 0 0 0 0 0 0 0 0 0 0 0 0 0 0 0 0 0,433,14,-4.286,-0.119,-0.393,-0.935,-4.286,0.0,-1.016,-0.004,-31.001,-14.565,0.9,-0.432,-67.472,-45.566,12.53,-2.901,-33.575,0.0,2.169,-36.476,-1.424,13.221,0.0,2.912,11.797,-1.004,-12.721,-0.095,2.274,-13.82,0.197,-43.971,-0.4,1.884,-44.175,-1.127,-26.919,0.0,2.724,-28.047,-0.097,-13.447,0.0,5.602,-13.544,-5.456,-2.757,0.9821
Ceftazidime,12,+ - -,0 0 0 0 0 0 0 0 0 0 0 0 0 0,0 0 0 0 0 0 0 0 0 0 0 0 0 0,0 0 0 0 0 0 0 0 0 0 0 0 0 0,0 0 0 0 0 0 0 0 0 0 0 0 0 0,0 1 1 0 0 0 0 0 0 0 0 0 0 0,0 0 0 0 0 0 0 0 0 0 0 0 0 0,0 0 0 0 0 0 0 0 0 0 0 0 0 0,0 0 0 0 0 0 0 0 0 0 0 0 0 0,0 0 0 0 0 0 0 0 0 0 0 0 0 0,0 0 1 0 0 0 0 0 0 0 0 0 0 0,0 0 0 0 0 0 0 0 0 0 0 0 0 0,0 0 1 0 0 0 0 0 0 0 0 0 0 0,CC(ON=C(C1=CSC(N)=N1)C(NC2C3N(C2=O)C(C([O-])=O)=C(CS3)C[N+]4=CC=CC=C4)=O)(C)C([O-])=O,0,0,0,1,1,1,0 0 0 0 0 0 0 0 0 0 0 0 0 0 0 0 0 0 0 0 0 0 0 0 0 0 0 0 0 0 0 0 0 0 0 0 0 0 0 0 0 0 0 0 0 0 0 0 0 0 0 0 0 0 0 0 0 1 1 0 0 0 0 0 0 0 0 0 0 0 0 0 0 0 0 0 0 0 0 0 0 0 0 0 0 0 0 0 0 0 0 0 0 0 0 0 0 0 0 0 0 0 0 0 0 0 0 0 0 0 0 0 0 0 0 0 0 0 0 0 0 0 0 0 0 0 0 0 1 0 0 0 0 0 0 0 0 0 0 0 0 0 0 0 0 0 0 0 0 0 0 0 0 0 0 0 1 0 0 0 0 0 0 0 0 0 0 0,325,10,-4.631,-0.125,-0.417,-1.004,-4.631,-0.001,-0.754,-0.204,-33.042,-12.902,0.556,-0.64,-70.51,-45.944,8.398,0.229,-49.0,-0.342,1.906,-49.114,-2.78,12.215,0.0,2.827,9.435,-4.332,20.969,0.0,2.267,16.636,-0.653,-54.195,-0.151,2.119,-54.999,-0.181,-43.325,-0.16,1.668,-43.667,-2.142,-30.853,0.0,2.144,-32.994,-5.715,-3.569,1.0
Nalidixic acid,196,-,0 0 0 0 0 0 0 0 0 0 0 0 0 0,0 0 0 0 0 0 0 0 0 0 0 0 0 0,0 0 0 0 0 0 0 0 0 0 0 0 0 0,0 0 0 0 0 0 0 0 0 0 0 0 0 0,0 0 0 0 0 0 0 0 0 0 0 0 0 0,0 0 0 0 0 0 0 0 0 0 0 0 0 0,0 0 0 0 0 0 0 0 0 0 0 0 0 0,0 0 0 0 0 0 0 0 0 0 0 0 0 0,0 0 0 0 0 0 0 0 0 0 0 0 0 0,0 0 0 0 0 0 0 0 0 0 0 0 0 0,0 0 0 0 0 0 0 0 0 0 0 0 0 0,0 0 0 0 0 0 0 0 0 0 0 0 0 0,CCN1C=C(C([O-])=O)C(C2=C1N=C(C)C=C2)=O,0,0,0,0,0,0,0 0 0 0 0 0 0 0 0 0 0 0 0 0 0 0 0 0 0 0 0 0 0 0 0 0 0 0 0 0 0 0 0 0 0 0 0 0 0 0 0 0 0 0 0 0 0 0 0 0 0 0 0 0 0 0 0 0 0 0 0 0 0 0 0 0 0 0 0 0 0 0 0 0 0 0 0 0 0 0 0 0 0 0 0 0 0 0 0 0 0 0 0 0 0 0 0 0 0 0 0 0 0 0 0 0 0 0 0 0 0 0 0 0 0 0 0 0 0 0 0 0 0 0 0 0 0 0 0 0 0 0 0 0 0 0 0 0 0 0 0 0 0 0 0 0 0 0 0 0 0 0 0 0 0 0 0 0 0 0 0 0 0 0 0 0 0 0,594,2,-3.269,-0.192,-0.494,-0.853,-3.269,-0.164,-0.002,-1.965,-18.167,-1.075,0.0,-0.068,-29.016,-19.242,0.7,-0.097,-20.61,0.0,6.114,-20.707,-0.027,17.89,0.0,8.89,17.864,-0.032,18.378,0.0,8.753,18.346,-0.677,-35.674,-0.002,2.48,-36.354,-1.322,-40.416,0.0,2.624,-41.738,-2.109,-44.098,0.0,2.487,-46.207,-4.204,-3.208,0.994
Ofloxacin,176,-,0 0 0 0 0 0 0 0 0 0 0 0 0 0,0 0 0 0 0 0 0 0 0 0 0 0 0 0,0 0 0 0 0 0 0 0 0 0 0 0 0 0,0 0 0 0 0 0 0 0 0 0 0 0 0 0,0 0 0 0 0 0 0 0 0 0 0 0 0 0,0 0 0 0 0 0 0 0 0 0 0 0 0 0,0 0 0 0 0 0 0 0 0 0 0 0 0 0,0 0 0 0 0 0 0 0 0 0 0 0 0 0,0 0 0 0 0 0 0 0 0 0 0 0 0 0,0 0 0 0 0 0 0 0 0 0 0 0 0 0,0 0 0 0 0 0 0 0 0 0 0 0 0 0,0 1 0 0 0 0 0 0 0 0 0 0 0 0,CC1COC2=C3N1C=C(C([O-])=O)C(C3=CC(F)=C2N4CCN(C)CC4)=O,0,0,0,0,1,0,0 0 0 0 0 0 0 0 0 0 0 0 0 0 0 0 0 0 0 0 0 0 0 0 0 0 0 0 0 0 0 0 0 0 0 0 0 0 0 0 0 0 0 0 0 0 0 0 0 0 0 0 0 0 0 0 0 0 0 0 0 0 0 0 0 0 0 0 0 0 0 0 0 0 0 0 0 0 0 0 0 0 0 0 0 0 0 0 0 0 0 0 0 0 0 0 0 0 0 0 0 0 0 0 0 0 0 0 0 0 0 0 0 0 0 0 0 0 0 0 0 0 0 0 0 0 0 0 0 0 0 0 0 0 0 0 0 0 0 0 0 0 0 0 0 0 0 0 0 0 0 0 0 0 0 1 0 0 0 0 0 0 0 0 0 0 0 0,567,2,-3.593,-0.138,-0.409,-0.844,-3.593,-0.018,-0.487,-1.02,-14.138,-9.298,0.148,-0.115,-36.334,-23.436,0.844,-0.632,-25.455,0.0,3.648,-26.086,-0.112,21.98,0.0,6.912,21.868,-0.306,23.223,0.0,5.507,22.917,-0.362,-39.053,-0.186,1.974,-39.601,0.077,-44.955,-0.2,1.716,-45.078,-1.398,-35.667,0.0,2.611,-37.064,-4.363,-3.094,0.9881
Cephalothin,29,-,0 0 0 0 0 0 0 0 0 0 0 0 0 0,0 0 0 0 0 0 0 0 0 0 0 0 0 0,0 0 0 0 0 0 0 0 0 0 0 0 0 0,0 0 0 0 0 0 0 0 0 0 0 0 0 0,0 1 1 0 0 0 0 0 0 0 0 0 0 0,0 1 0 0 0 0 0 0 0 0 0 0 0 0,0 0 0 0 0 0 0 0 0 0 0 0 0 0,0 0 0 0 0 0 0 0 0 0 0 0 0 0,0 0 0 0 0 0 0 0 0 0 0 0 0 0,0 1 1 0 0 0 0 0 0 0 0 0 0 0,0 0 0 0 0 0 0 0 0 0 0 0 0 0,0 0 0 0 0 0 1 0 0 1 0 0 0 0,CC(OCC1=C(C([O-])=O)N2C(SC1)C(NC(CC3=CC=CS3)=O)C2=O)=O,0,0,1,1,1,1,0 0 0 0 0 0 0 0 0 0 0 0 0 0 0 0 0 0 0 0 0 0 0 0 0 0 0 0 0 0 0 0 0 0 0 0 0 0 0 0 0 0 0 0 0 0 0 0 0 0 0 0 0 0 0 0 0 1 1 0 0 0 0 0 0 0 0 0 0 0 0 1 0 0 0 0 0 0 0 0 0 0 0 0 0 0 0 0 0 0 0 0 0 0 0 0 0 0 0 0 0 0 0 0 0 0 0 0 0 0 0 0 0 0 0 0 0 0 0 0 0 0 0 0 0 0 0 1 1 0 0 0 0 0 0 0 0 0 0 0 0 0 0 0 0 0 0 0 0 0 0 0 0 0 0 0 0 0 0 0 1 0 0 1 0 0 0 0,154,8,-5.174,-0.199,-0.59,-1.215,-5.174,-0.035,-1.087,-0.712,-30.739,-12.829,0.625,-0.504,-66.473,-43.568,6.613,-1.792,-39.312,-0.221,2.099,-41.324,-2.552,12.37,-0.152,2.108,9.666,-2.305,23.921,0.0,2.176,21.616,1.637,-51.262,-0.326,1.821,-49.951,-1.095,-48.414,-0.353,1.981,-49.862,-1.65,-38.232,-0.036,2.292,-39.918,-5.174,-1.991,0.9881
